idna_subject,checker_type,destination,source,tested_at,session_id
0b8cc331813049912.temporary.link,AVAILABILITY,domains.list,domains.list,2021-03-25 01:03:47.294079,995e5b99bec9b8f8f06bda84
0lx.group,AVAILABILITY,domains.list,domains.list,2021-03-25 01:03:47.800528,995e5b99bec9b8f8f06bda84
0n.click,AVAILABILITY,domains.list,domains.list,2021-03-25 01:03:48.284873,995e5b99bec9b8f8f06bda84
0pen.page,AVAILABILITY,domains.list,domains.list,2021-03-25 01:03:48.772540,995e5b99bec9b8f8f06bda84
1bitstudio.pl,AVAILABILITY,domains.list,domains.list,2021-03-25 01:03:50.089617,995e5b99bec9b8f8f06bda84
1btcnews.buzz,AVAILABILITY,domains.list,domains.list,2021-03-25 01:03:50.575261,995e5b99bec9b8f8f06bda84
1k-daily-profitz.com,AVAILABILITY,domains.list,domains.list,2021-03-25 01:03:51.076841,995e5b99bec9b8f8f06bda84
1loginpomoc.info.pl,AVAILABILITY,domains.list,domains.list,2021-03-25 01:03:51.590128,995e5b99bec9b8f8f06bda84
1mpost.net,AVAILABILITY,domains.list,domains.list,2021-03-25 01:03:52.097096,995e5b99bec9b8f8f06bda84
1nposl.net,AVAILABILITY,domains.list,domains.list,2021-03-25 01:03:52.599754,995e5b99bec9b8f8f06bda84
1npost.net,AVAILABILITY,domains.list,domains.list,2021-03-25 01:03:53.104710,995e5b99bec9b8f8f06bda84
1slo.pl,AVAILABILITY,domains.list,domains.list,2021-03-25 01:03:53.617862,995e5b99bec9b8f8f06bda84
2automatyczny-dozownik-mydla-pl.com,AVAILABILITY,domains.list,domains.list,2021-03-25 01:03:54.106121,995e5b99bec9b8f8f06bda84
2easy.pl,AVAILABILITY,domains.list,domains.list,2021-03-25 01:03:54.595178,995e5b99bec9b8f8f06bda84
2remove.guide,AVAILABILITY,domains.list,domains.list,2021-03-25 01:03:55.513756,995e5b99bec9b8f8f06bda84
2-remove-virus.com,AVAILABILITY,domains.list,domains.list,2021-03-25 01:03:56.032990,995e5b99bec9b8f8f06bda84
2stroagefacility21.s3.eu-de.cloud-object-storage.appdomain.cloud,AVAILABILITY,domains.list,domains.list,2021-03-25 01:03:56.620604,995e5b99bec9b8f8f06bda84
2supermocna-tasma-klejaca-pl.com,AVAILABILITY,domains.list,domains.list,2021-03-25 01:03:57.126412,995e5b99bec9b8f8f06bda84
02-wiadomosci.com.pl,AVAILABILITY,domains.list,domains.list,2021-03-25 01:03:57.616793,995e5b99bec9b8f8f06bda84
03e1i.csb.app,AVAILABILITY,domains.list,domains.list,2021-03-25 01:03:58.176702,995e5b99bec9b8f8f06bda84
3fazowa-ostrzalka-do-nozy-pl.com,AVAILABILITY,domains.list,domains.list,2021-03-25 01:03:58.670291,995e5b99bec9b8f8f06bda84
3filmy.com,AVAILABILITY,domains.list,domains.list,2021-03-25 01:03:59.160131,995e5b99bec9b8f8f06bda84
3w2k701z6i94wgr.choobin-co.ir,AVAILABILITY,domains.list,domains.list,2021-03-25 01:04:00.377382,995e5b99bec9b8f8f06bda84
4.ogloszeniateraz97.club,AVAILABILITY,domains.list,domains.list,2021-03-25 01:04:01.267285,995e5b99bec9b8f8f06bda84
4afe8b11a52839751.temporary.link,AVAILABILITY,domains.list,domains.list,2021-03-25 01:04:01.808905,995e5b99bec9b8f8f06bda84
4k.123moviesfox.xyz,AVAILABILITY,domains.list,domains.list,2021-03-25 01:04:02.454839,995e5b99bec9b8f8f06bda84
4kplayer.pl,AVAILABILITY,domains.list,domains.list,2021-03-25 01:04:02.970189,995e5b99bec9b8f8f06bda84
4ksport.pl,AVAILABILITY,domains.list,domains.list,2021-03-25 01:04:03.460120,995e5b99bec9b8f8f06bda84
4life.com,AVAILABILITY,domains.list,domains.list,2021-03-25 01:04:03.952923,995e5b99bec9b8f8f06bda84
4madesigngallerie.com.pl,AVAILABILITY,domains.list,domains.list,2021-03-25 01:04:04.443889,995e5b99bec9b8f8f06bda84
4office.pl,AVAILABILITY,domains.list,domains.list,2021-03-25 01:04:04.948494,995e5b99bec9b8f8f06bda84
4shoes.pl,AVAILABILITY,domains.list,domains.list,2021-03-25 01:04:05.452624,995e5b99bec9b8f8f06bda84
4stronyzdrowia.com,AVAILABILITY,domains.list,domains.list,2021-03-25 01:04:05.955223,995e5b99bec9b8f8f06bda84
4ur.click,AVAILABILITY,domains.list,domains.list,2021-03-25 01:04:06.440781,995e5b99bec9b8f8f06bda84
5gb-internetu-pakiety.blogspot.com,AVAILABILITY,domains.list,domains.list,2021-03-25 01:04:07.061996,995e5b99bec9b8f8f06bda84
5kplayer.pl,AVAILABILITY,domains.list,domains.list,2021-03-25 01:04:07.566842,995e5b99bec9b8f8f06bda84
6c2453dabd3776274.temporary.link,AVAILABILITY,domains.list,domains.list,2021-03-25 01:04:08.360156,995e5b99bec9b8f8f06bda84
6m.pl,AVAILABILITY,domains.list,domains.list,2021-03-25 01:04:08.860349,995e5b99bec9b8f8f06bda84
7demka24h7.live,AVAILABILITY,domains.list,domains.list,2021-03-25 01:04:09.360927,995e5b99bec9b8f8f06bda84
7dot.cn,AVAILABILITY,domains.list,domains.list,2021-03-25 01:04:09.847288,995e5b99bec9b8f8f06bda84
7tools.eu,AVAILABILITY,domains.list,domains.list,2021-03-25 01:04:10.769319,995e5b99bec9b8f8f06bda84
9f33fc85bd3812760.temporary.link,AVAILABILITY,domains.list,domains.list,2021-03-25 01:04:11.320812,995e5b99bec9b8f8f06bda84
9nta.com,AVAILABILITY,domains.list,domains.list,2021-03-25 01:04:11.828467,995e5b99bec9b8f8f06bda84
9print.pl,AVAILABILITY,domains.list,domains.list,2021-03-25 01:04:12.316666,995e5b99bec9b8f8f06bda84
15b37.skroc.pl,AVAILABILITY,domains.list,domains.list,2021-03-25 01:04:13.180189,995e5b99bec9b8f8f06bda84
20pascals.nl,AVAILABILITY,domains.list,domains.list,2021-03-25 01:04:14.471957,995e5b99bec9b8f8f06bda84
24.ogloszeniateraz97.club,AVAILABILITY,domains.list,domains.list,2021-03-25 01:04:15.682739,995e5b99bec9b8f8f06bda84
24ekspres.online,AVAILABILITY,domains.list,domains.list,2021-03-25 01:04:16.597143,995e5b99bec9b8f8f06bda84
24fakty.pl,AVAILABILITY,domains.list,domains.list,2021-03-25 01:04:17.111095,995e5b99bec9b8f8f06bda84
24forum.pl,AVAILABILITY,domains.list,domains.list,2021-03-25 01:04:17.623686,995e5b99bec9b8f8f06bda84
24platnosci.online,AVAILABILITY,domains.list,domains.list,2021-03-25 01:04:19.358622,995e5b99bec9b8f8f06bda84
24-sklep.pl,AVAILABILITY,domains.list,domains.list,2021-03-25 01:04:19.860555,995e5b99bec9b8f8f06bda84
24xforex.com,AVAILABILITY,domains.list,domains.list,2021-03-25 01:04:20.380204,995e5b99bec9b8f8f06bda84
60dnipremium.cloud,AVAILABILITY,domains.list,domains.list,2021-03-25 01:04:20.881245,995e5b99bec9b8f8f06bda84
96b4d58e213077161.temporary.link,AVAILABILITY,domains.list,domains.list,2021-03-25 01:04:21.404683,995e5b99bec9b8f8f06bda84
100sport.tv,AVAILABILITY,domains.list,domains.list,2021-03-25 01:04:21.908398,995e5b99bec9b8f8f06bda84
123.allegro-lokalnie.club,AVAILABILITY,domains.list,domains.list,2021-03-25 01:04:22.765050,995e5b99bec9b8f8f06bda84
123movies.my.id,AVAILABILITY,domains.list,domains.list,2021-03-25 01:04:23.255885,995e5b99bec9b8f8f06bda84
123musicblend.blogspot.com,AVAILABILITY,domains.list,domains.list,2021-03-25 01:04:23.874934,995e5b99bec9b8f8f06bda84
247platnosc.online,AVAILABILITY,domains.list,domains.list,2021-03-25 01:04:24.362586,995e5b99bec9b8f8f06bda84
247platnosci.online,AVAILABILITY,domains.list,domains.list,2021-03-25 01:04:24.850787,995e5b99bec9b8f8f06bda84
253.express-inpost.online,AVAILABILITY,domains.list,domains.list,2021-03-25 01:04:25.791292,995e5b99bec9b8f8f06bda84
287.allegro-lokalnie.club,AVAILABILITY,domains.list,domains.list,2021-03-25 01:04:26.535815,995e5b99bec9b8f8f06bda84
433.mobile-allegrolokalnie.shop,AVAILABILITY,domains.list,domains.list,2021-03-25 01:04:27.168073,995e5b99bec9b8f8f06bda84
777marketer.cyou,AVAILABILITY,domains.list,domains.list,2021-03-25 01:04:28.489493,995e5b99bec9b8f8f06bda84
838ra.doctordays.com,AVAILABILITY,domains.list,domains.list,2021-03-25 01:04:29.419398,995e5b99bec9b8f8f06bda84
857.allegro-lokalnie.cyou,AVAILABILITY,domains.list,domains.list,2021-03-25 01:04:30.480258,995e5b99bec9b8f8f06bda84
919.allegro-lokalnie.club,AVAILABILITY,domains.list,domains.list,2021-03-25 01:04:31.286908,995e5b99bec9b8f8f06bda84
972.mobile-allegrolokalnie.store,AVAILABILITY,domains.list,domains.list,2021-03-25 01:04:32.438587,995e5b99bec9b8f8f06bda84
4332.ws,AVAILABILITY,domains.list,domains.list,2021-03-25 01:04:33.471507,995e5b99bec9b8f8f06bda84
4615her524h5k4dd8305d3b0d52a2616-dot-sylvan-willow-291119.df.r.appspot.com,AVAILABILITY,domains.list,domains.list,2021-03-25 01:04:34.046821,995e5b99bec9b8f8f06bda84
5306.findprofile.net.pl,AVAILABILITY,domains.list,domains.list,2021-03-25 01:05:26.482599,995e5b99bec9b8f8f06bda84
7228.eu,AVAILABILITY,domains.list,domains.list,2021-03-25 01:05:27.418270,995e5b99bec9b8f8f06bda84
26159-dot-custom-history-301500.appspot.com,AVAILABILITY,domains.list,domains.list,2021-03-25 01:05:28.117256,995e5b99bec9b8f8f06bda84
101961.logowanie-wieku.xyz,AVAILABILITY,domains.list,domains.list,2021-03-25 01:05:29.069749,995e5b99bec9b8f8f06bda84
120792.logowanie-wieku.xyz,AVAILABILITY,domains.list,domains.list,2021-03-25 01:05:29.802062,995e5b99bec9b8f8f06bda84
156256.allegro.casa,AVAILABILITY,domains.list,domains.list,2021-03-25 01:05:34.543213,995e5b99bec9b8f8f06bda84
299110.allegrolokalnie.ink,AVAILABILITY,domains.list,domains.list,2021-03-25 01:05:39.292840,995e5b99bec9b8f8f06bda84
388275.allegro.casa,AVAILABILITY,domains.list,domains.list,2021-03-25 01:05:44.693262,995e5b99bec9b8f8f06bda84
575184.allegrolokalnie.ink,AVAILABILITY,domains.list,domains.list,2021-03-25 01:05:50.514765,995e5b99bec9b8f8f06bda84
741847.allegrolokalnie.gifts,AVAILABILITY,domains.list,domains.list,2021-03-25 01:05:55.302791,995e5b99bec9b8f8f06bda84
770239.allegrolokalnie.gifts,AVAILABILITY,domains.list,domains.list,2021-03-25 01:06:00.931264,995e5b99bec9b8f8f06bda84
1809175.na397463.web.hosting-test.net,AVAILABILITY,domains.list,domains.list,2021-03-25 01:06:04.252950,995e5b99bec9b8f8f06bda84
1809176.kb397464.web.hosting-test.net,AVAILABILITY,domains.list,domains.list,2021-03-25 01:06:05.403682,995e5b99bec9b8f8f06bda84
1809798.sy397546.web.hosting-test.net,AVAILABILITY,domains.list,domains.list,2021-03-25 01:06:06.168943,995e5b99bec9b8f8f06bda84
1821456.dg398993.web.hosting-test.net,AVAILABILITY,domains.list,domains.list,2021-03-25 01:06:07.066580,995e5b99bec9b8f8f06bda84
20-55-32-61.cprapid.com,AVAILABILITY,domains.list,domains.list,2021-03-25 01:06:07.809318,995e5b99bec9b8f8f06bda84
66463423.moonfruit.com,AVAILABILITY,domains.list,domains.list,2021-03-25 01:06:08.602655,995e5b99bec9b8f8f06bda84
3-139-92-223.cprapid.com,AVAILABILITY,domains.list,domains.list,2021-03-25 01:06:09.560542,995e5b99bec9b8f8f06bda84
82-118-23-62.cprapid.com,AVAILABILITY,domains.list,domains.list,2021-03-25 01:06:10.249419,995e5b99bec9b8f8f06bda84
137-74-148-87.cprapid.com,AVAILABILITY,domains.list,domains.list,2021-03-25 01:06:10.984020,995e5b99bec9b8f8f06bda84
1933611911.findprofile.net.pl,AVAILABILITY,domains.list,domains.list,2021-03-25 01:06:47.546508,995e5b99bec9b8f8f06bda84
198-58-119-23.cprapid.com,AVAILABILITY,domains.list,domains.list,2021-03-25 01:06:48.148430,995e5b99bec9b8f8f06bda84
3663333633.findprofile.net.pl,AVAILABILITY,domains.list,domains.list,2021-03-25 01:07:29.982528,995e5b99bec9b8f8f06bda84
6018866066.findprofile.net.pl,AVAILABILITY,domains.list,domains.list,2021-03-25 01:08:25.249907,995e5b99bec9b8f8f06bda84
7386977377.findprofile.net.pl,AVAILABILITY,domains.list,domains.list,2021-03-25 01:09:19.060668,995e5b99bec9b8f8f06bda84
7405377477.findprofile.net.pl,AVAILABILITY,domains.list,domains.list,2021-03-25 01:09:45.539953,995e5b99bec9b8f8f06bda84
23459867534.000webhostapp.com,AVAILABILITY,domains.list,domains.list,2021-03-25 01:09:46.724294,995e5b99bec9b8f8f06bda84
82210001244.com,AVAILABILITY,domains.list,domains.list,2021-03-25 01:09:47.214959,995e5b99bec9b8f8f06bda84
a1a.pl,AVAILABILITY,domains.list,domains.list,2021-03-25 01:09:47.719074,995e5b99bec9b8f8f06bda84
a2btrans.pl,AVAILABILITY,domains.list,domains.list,2021-03-25 01:09:48.218869,995e5b99bec9b8f8f06bda84
a2multimedia.pl,AVAILABILITY,domains.list,domains.list,2021-03-25 01:09:48.722251,995e5b99bec9b8f8f06bda84
a2plvcpnl308307.prod.iad2.secureserver.net,AVAILABILITY,domains.list,domains.list,2021-03-25 01:09:49.232221,995e5b99bec9b8f8f06bda84
a0502529.xsph.ru,AVAILABILITY,domains.list,domains.list,2021-03-25 01:09:50.013288,995e5b99bec9b8f8f06bda84
ab4hr.com,AVAILABILITY,domains.list,domains.list,2021-03-25 01:09:50.506219,995e5b99bec9b8f8f06bda84
abandasy.com,AVAILABILITY,domains.list,domains.list,2021-03-25 01:09:51.009720,995e5b99bec9b8f8f06bda84
abc.amaretto.xja.pl,AVAILABILITY,domains.list,domains.list,2021-03-25 01:09:51.895079,995e5b99bec9b8f8f06bda84
abc.prawo.link,AVAILABILITY,domains.list,domains.list,2021-03-25 01:09:53.612842,995e5b99bec9b8f8f06bda84
abihpopihigh.tk,AVAILABILITY,domains.list,domains.list,2021-03-25 01:09:56.541633,995e5b99bec9b8f8f06bda84
abikurier.com,AVAILABILITY,domains.list,domains.list,2021-03-25 01:09:57.033741,995e5b99bec9b8f8f06bda84
abirohokonar.pl,AVAILABILITY,domains.list,domains.list,2021-03-25 01:09:57.524070,995e5b99bec9b8f8f06bda84
abomfartrdsgdf.webcindario.com,AVAILABILITY,domains.list,domains.list,2021-03-25 01:09:58.142432,995e5b99bec9b8f8f06bda84
abonament-oplac.com,AVAILABILITY,domains.list,domains.list,2021-03-25 01:09:58.633045,995e5b99bec9b8f8f06bda84
abrakasba.space,AVAILABILITY,domains.list,domains.list,2021-03-25 01:09:59.125020,995e5b99bec9b8f8f06bda84
absolutezeros.duckdns.org,AVAILABILITY,domains.list,domains.list,2021-03-25 01:10:07.356556,995e5b99bec9b8f8f06bda84
absolutnieruchomosci.pl,AVAILABILITY,domains.list,domains.list,2021-03-25 01:10:07.861832,995e5b99bec9b8f8f06bda84
abstractway.top,AVAILABILITY,domains.list,domains.list,2021-03-25 01:10:08.366366,995e5b99bec9b8f8f06bda84
acaiberryextreme.pl,AVAILABILITY,domains.list,domains.list,2021-03-25 01:10:08.857512,995e5b99bec9b8f8f06bda84
accelerationlife.blogspot.com,AVAILABILITY,domains.list,domains.list,2021-03-25 01:10:09.547471,995e5b99bec9b8f8f06bda84
acceuil-serviceclient.com,AVAILABILITY,domains.list,domains.list,2021-03-25 01:10:10.061982,995e5b99bec9b8f8f06bda84
accreconsult.pl,AVAILABILITY,domains.list,domains.list,2021-03-25 01:10:11.432845,995e5b99bec9b8f8f06bda84
ace.jamba.pl,AVAILABILITY,domains.list,domains.list,2021-03-25 01:10:12.902948,995e5b99bec9b8f8f06bda84
ace.jamster.pl,AVAILABILITY,domains.list,domains.list,2021-03-25 01:10:13.765546,995e5b99bec9b8f8f06bda84
ac-feedback.com,AVAILABILITY,domains.list,domains.list,2021-03-25 01:10:14.274249,995e5b99bec9b8f8f06bda84
achae.com,AVAILABILITY,domains.list,domains.list,2021-03-25 01:10:14.766616,995e5b99bec9b8f8f06bda84
acontrario.pl,AVAILABILITY,domains.list,domains.list,2021-03-25 01:10:15.271381,995e5b99bec9b8f8f06bda84
activation-netflix.com,AVAILABILITY,domains.list,domains.list,2021-03-25 01:10:15.785714,995e5b99bec9b8f8f06bda84
activesports.com.pl,AVAILABILITY,domains.list,domains.list,2021-03-25 01:10:16.300324,995e5b99bec9b8f8f06bda84
actus.org.pl,AVAILABILITY,domains.list,domains.list,2021-03-25 01:10:17.210508,995e5b99bec9b8f8f06bda84
adament.c0.pl,AVAILABILITY,domains.list,domains.list,2021-03-25 01:10:17.828556,995e5b99bec9b8f8f06bda84
adampaczka.com,AVAILABILITY,domains.list,domains.list,2021-03-25 01:10:18.739056,995e5b99bec9b8f8f06bda84
adapterylaptopa.com,AVAILABILITY,domains.list,domains.list,2021-03-25 01:10:19.232969,995e5b99bec9b8f8f06bda84
adaranth.com,AVAILABILITY,domains.list,domains.list,2021-03-25 01:10:19.724444,995e5b99bec9b8f8f06bda84
adasiapaczka.org,AVAILABILITY,domains.list,domains.list,2021-03-25 01:10:20.218249,995e5b99bec9b8f8f06bda84
adastra2019onlinezalukajfilm.wordpress.com,AVAILABILITY,domains.list,domains.list,2021-03-25 01:10:20.798866,995e5b99bec9b8f8f06bda84
adblock-listefr.com,AVAILABILITY,domains.list,domains.list,2021-03-25 01:10:21.291514,995e5b99bec9b8f8f06bda84
addays.pl,AVAILABILITY,domains.list,domains.list,2021-03-25 01:10:21.807396,995e5b99bec9b8f8f06bda84
add-fix.com,AVAILABILITY,domains.list,domains.list,2021-03-25 01:10:22.313270,995e5b99bec9b8f8f06bda84
add-ssl.com,AVAILABILITY,domains.list,domains.list,2021-03-25 01:10:22.819422,995e5b99bec9b8f8f06bda84
adeptia.pl,AVAILABILITY,domains.list,domains.list,2021-03-25 01:10:23.310769,995e5b99bec9b8f8f06bda84
adidas-polska.com,AVAILABILITY,domains.list,domains.list,2021-03-25 01:10:24.225379,995e5b99bec9b8f8f06bda84
adidaspolskasklep.com,AVAILABILITY,domains.list,domains.list,2021-03-25 01:10:24.750597,995e5b99bec9b8f8f06bda84
adidaspromodel.pl,AVAILABILITY,domains.list,domains.list,2021-03-25 01:10:26.058441,995e5b99bec9b8f8f06bda84
adkokurier.org,AVAILABILITY,domains.list,domains.list,2021-03-25 01:10:26.552585,995e5b99bec9b8f8f06bda84
adminuprageunit.moonfruit.com,AVAILABILITY,domains.list,domains.list,2021-03-25 01:10:27.256437,995e5b99bec9b8f8f06bda84
adobe.5v.pl,AVAILABILITY,domains.list,domains.list,2021-03-25 01:10:28.857050,995e5b99bec9b8f8f06bda84
adoutletpl.pl,AVAILABILITY,domains.list,domains.list,2021-03-25 01:10:30.184425,995e5b99bec9b8f8f06bda84
adpro.futurenet.club,AVAILABILITY,domains.list,domains.list,2021-03-25 01:10:30.802611,995e5b99bec9b8f8f06bda84
adrianzajewicz.blogspot.com,AVAILABILITY,domains.list,domains.list,2021-03-25 01:10:31.388610,995e5b99bec9b8f8f06bda84
adsbtrack.com,AVAILABILITY,domains.list,domains.list,2021-03-25 01:10:31.893243,995e5b99bec9b8f8f06bda84
adsbtrk.com,AVAILABILITY,domains.list,domains.list,2021-03-25 01:10:32.399180,995e5b99bec9b8f8f06bda84
adservd.com,AVAILABILITY,domains.list,domains.list,2021-03-25 01:10:32.904868,995e5b99bec9b8f8f06bda84
ads-fb.co,AVAILABILITY,domains.list,domains.list,2021-03-25 01:10:33.395510,995e5b99bec9b8f8f06bda84
adsheads.go2affise.com,AVAILABILITY,domains.list,domains.list,2021-03-25 01:10:34.034227,995e5b99bec9b8f8f06bda84
adturtle.biz,AVAILABILITY,domains.list,domains.list,2021-03-25 01:10:34.527195,995e5b99bec9b8f8f06bda84
adventurefeeds.com,AVAILABILITY,domains.list,domains.list,2021-03-25 01:10:35.022958,995e5b99bec9b8f8f06bda84
adventurous-shrouded-llama.glitch.me,AVAILABILITY,domains.list,domains.list,2021-03-25 01:10:35.722179,995e5b99bec9b8f8f06bda84
adwokaci-24.pl,AVAILABILITY,domains.list,domains.list,2021-03-25 01:10:36.236214,995e5b99bec9b8f8f06bda84
adworkmedia.com,AVAILABILITY,domains.list,domains.list,2021-03-25 01:10:36.729397,995e5b99bec9b8f8f06bda84
adworks.cat,AVAILABILITY,domains.list,domains.list,2021-03-25 01:10:37.249303,995e5b99bec9b8f8f06bda84
aerie-photographer.blogspot.com,AVAILABILITY,domains.list,domains.list,2021-03-25 01:10:37.862855,995e5b99bec9b8f8f06bda84
aerosneakers.pl,AVAILABILITY,domains.list,domains.list,2021-03-25 01:10:38.368835,995e5b99bec9b8f8f06bda84
affiliater.pl,AVAILABILITY,domains.list,domains.list,2021-03-25 01:10:38.864529,995e5b99bec9b8f8f06bda84
affingindustries.com,AVAILABILITY,domains.list,domains.list,2021-03-25 01:10:39.373915,995e5b99bec9b8f8f06bda84
africanmango900.pl,AVAILABILITY,domains.list,domains.list,2021-03-25 01:10:39.866541,995e5b99bec9b8f8f06bda84
africanmango.pl,AVAILABILITY,domains.list,domains.list,2021-03-25 01:10:40.358240,995e5b99bec9b8f8f06bda84
ag-agency.pl,AVAILABILITY,domains.list,domains.list,2021-03-25 01:10:40.850482,995e5b99bec9b8f8f06bda84
agdeer.com,AVAILABILITY,domains.list,domains.list,2021-03-25 01:10:41.342074,995e5b99bec9b8f8f06bda84
agdrtv.net,AVAILABILITY,domains.list,domains.list,2021-03-25 01:10:41.839912,995e5b99bec9b8f8f06bda84
agenciq.pl,AVAILABILITY,domains.list,domains.list,2021-03-25 01:10:42.333882,995e5b99bec9b8f8f06bda84
agencjaart44.pl,AVAILABILITY,domains.list,domains.list,2021-03-25 01:10:43.156211,995e5b99bec9b8f8f06bda84
agencja-aspro.pl,AVAILABILITY,domains.list,domains.list,2021-03-25 01:10:43.661664,995e5b99bec9b8f8f06bda84
agikurier.org,AVAILABILITY,domains.list,domains.list,2021-03-25 01:10:44.154607,995e5b99bec9b8f8f06bda84
agipasesores.com,AVAILABILITY,domains.list,domains.list,2021-03-25 01:10:44.645556,995e5b99bec9b8f8f06bda84
agmar-zdg.pl,AVAILABILITY,domains.list,domains.list,2021-03-25 01:10:45.165143,995e5b99bec9b8f8f06bda84
agness.com.pl,AVAILABILITY,domains.list,domains.list,2021-03-25 01:10:45.679708,995e5b99bec9b8f8f06bda84
agricoxq.com,AVAILABILITY,domains.list,domains.list,2021-03-25 01:10:46.223949,995e5b99bec9b8f8f06bda84
agroniezapominajka.com.pl,AVAILABILITY,domains.list,domains.list,2021-03-25 01:10:46.730600,995e5b99bec9b8f8f06bda84
agroturist.com.pl,AVAILABILITY,domains.list,domains.list,2021-03-25 01:10:47.236094,995e5b99bec9b8f8f06bda84
agxlo.instalovers.net,AVAILABILITY,domains.list,domains.list,2021-03-25 01:10:47.887287,995e5b99bec9b8f8f06bda84
aiegro-lokainle.xyz,AVAILABILITY,domains.list,domains.list,2021-03-25 01:10:48.394754,995e5b99bec9b8f8f06bda84
aierudkaqwertyuiopski.xyz,AVAILABILITY,domains.list,domains.list,2021-03-25 01:10:48.904767,995e5b99bec9b8f8f06bda84
aiiegro-iokalnle-oferta.live,AVAILABILITY,domains.list,domains.list,2021-03-25 01:10:49.836793,995e5b99bec9b8f8f06bda84
aiiegro-lokalnie.xyz,AVAILABILITY,domains.list,domains.list,2021-03-25 01:10:50.344386,995e5b99bec9b8f8f06bda84
aiiegrolokalnieoferta.xyz,AVAILABILITY,domains.list,domains.list,2021-03-25 01:10:50.849632,995e5b99bec9b8f8f06bda84
aiiegro-pl-iokalnle-846127.online,AVAILABILITY,domains.list,domains.list,2021-03-25 01:10:51.353559,995e5b99bec9b8f8f06bda84
aiiegro-sprzedaz-718462.xyz,AVAILABILITY,domains.list,domains.list,2021-03-25 01:10:51.858958,995e5b99bec9b8f8f06bda84
ailegro-iokalnie-289374.life,AVAILABILITY,domains.list,domains.list,2021-03-25 01:10:52.365259,995e5b99bec9b8f8f06bda84
ailegro-iokalnie.online,AVAILABILITY,domains.list,domains.list,2021-03-25 01:10:52.874126,995e5b99bec9b8f8f06bda84
ailegro-lokainle-935271.fun,AVAILABILITY,domains.list,domains.list,2021-03-25 01:10:53.378966,995e5b99bec9b8f8f06bda84
ailegrolokalniepl-910672.life,AVAILABILITY,domains.list,domains.list,2021-03-25 01:10:54.307897,995e5b99bec9b8f8f06bda84
ailegro-lokalnie-pl-oferta.life,AVAILABILITY,domains.list,domains.list,2021-03-25 01:10:55.235272,995e5b99bec9b8f8f06bda84
ailegrolokalnle-kup-teraz.xyz,AVAILABILITY,domains.list,domains.list,2021-03-25 01:10:55.740971,995e5b99bec9b8f8f06bda84
ailegro-pl-lokainie-oferta.live,AVAILABILITY,domains.list,domains.list,2021-03-25 01:10:56.248980,995e5b99bec9b8f8f06bda84
aintnothingtoit.com,AVAILABILITY,domains.list,domains.list,2021-03-25 01:10:56.741745,995e5b99bec9b8f8f06bda84
ainvestments.com,AVAILABILITY,domains.list,domains.list,2021-03-25 01:10:57.235643,995e5b99bec9b8f8f06bda84
airmaxonlinesklep.pl,AVAILABILITY,domains.list,domains.list,2021-03-25 01:10:57.728619,995e5b99bec9b8f8f06bda84
airmaxpolska.com,AVAILABILITY,domains.list,domains.list,2021-03-25 01:10:58.223093,995e5b99bec9b8f8f06bda84
airmore.pl,AVAILABILITY,domains.list,domains.list,2021-03-25 01:10:58.730262,995e5b99bec9b8f8f06bda84
airycloth.com,AVAILABILITY,domains.list,domains.list,2021-03-25 01:10:59.243741,995e5b99bec9b8f8f06bda84
airydress.com,AVAILABILITY,domains.list,domains.list,2021-03-25 01:10:59.757877,995e5b99bec9b8f8f06bda84
aisha-khadija.blogspot.com,AVAILABILITY,domains.list,domains.list,2021-03-25 01:11:00.404355,995e5b99bec9b8f8f06bda84
aizuite.blogspot.com,AVAILABILITY,domains.list,domains.list,2021-03-25 01:11:01.028969,995e5b99bec9b8f8f06bda84
akademia-kursow-rozwojowych-app.com,AVAILABILITY,domains.list,domains.list,2021-03-25 01:11:01.522601,995e5b99bec9b8f8f06bda84
akazoo.pl,AVAILABILITY,domains.list,domains.list,2021-03-25 01:11:02.039588,995e5b99bec9b8f8f06bda84
akceptacja-regulaminu.com,AVAILABILITY,domains.list,domains.list,2021-03-25 01:11:02.536832,995e5b99bec9b8f8f06bda84
akceptuj-regulamin.online,AVAILABILITY,domains.list,domains.list,2021-03-25 01:11:03.052675,995e5b99bec9b8f8f06bda84
akceptuj-regulamin.site,AVAILABILITY,domains.list,domains.list,2021-03-25 01:11:03.559520,995e5b99bec9b8f8f06bda84
akcja-marzenie.eu,AVAILABILITY,domains.list,domains.list,2021-03-25 01:11:04.811416,995e5b99bec9b8f8f06bda84
akcjasamsung.e-kei.pl,AVAILABILITY,domains.list,domains.list,2021-03-25 01:11:05.684740,995e5b99bec9b8f8f06bda84
akcjasgk.pl,AVAILABILITY,domains.list,domains.list,2021-03-25 01:11:06.180951,995e5b99bec9b8f8f06bda84
akredytowane.pl,AVAILABILITY,domains.list,domains.list,2021-03-25 01:11:06.679665,995e5b99bec9b8f8f06bda84
aktpl.com,AVAILABILITY,domains.list,domains.list,2021-03-25 01:11:07.180401,995e5b99bec9b8f8f06bda84
aktualizacja.jst.pl,AVAILABILITY,domains.list,domains.list,2021-03-25 01:11:07.976911,995e5b99bec9b8f8f06bda84
aktualizacjafacebooka.blogspot.com,AVAILABILITY,domains.list,domains.list,2021-03-25 01:11:08.609147,995e5b99bec9b8f8f06bda84
aktualizacjamessanger.blogspot.com,AVAILABILITY,domains.list,domains.list,2021-03-25 01:11:09.251725,995e5b99bec9b8f8f06bda84
aktualizacja-poczty.online,AVAILABILITY,domains.list,domains.list,2021-03-25 01:11:09.752303,995e5b99bec9b8f8f06bda84
aktualizacja-regulamin.com,AVAILABILITY,domains.list,domains.list,2021-03-25 01:11:10.248361,995e5b99bec9b8f8f06bda84
aktywnezycie.com.pl,AVAILABILITY,domains.list,domains.list,2021-03-25 01:11:10.763476,995e5b99bec9b8f8f06bda84
aktywnytylicz.pl,AVAILABILITY,domains.list,domains.list,2021-03-25 01:11:11.258274,995e5b99bec9b8f8f06bda84
akumulatorowy-raj.pl,AVAILABILITY,domains.list,domains.list,2021-03-25 01:11:11.754363,995e5b99bec9b8f8f06bda84
akwadrago.pl,AVAILABILITY,domains.list,domains.list,2021-03-25 01:11:12.250307,995e5b99bec9b8f8f06bda84
alabaster-steel-hawthorn.glitch.me,AVAILABILITY,domains.list,domains.list,2021-03-25 01:11:12.904345,995e5b99bec9b8f8f06bda84
alanjula.pl,AVAILABILITY,domains.list,domains.list,2021-03-25 01:11:13.426040,995e5b99bec9b8f8f06bda84
alatcommu.gq,AVAILABILITY,domains.list,domains.list,2021-03-25 01:11:15.307831,995e5b99bec9b8f8f06bda84
albajifood.com,AVAILABILITY,domains.list,domains.list,2021-03-25 01:11:15.806513,995e5b99bec9b8f8f06bda84
albertodionigi.it,AVAILABILITY,domains.list,domains.list,2021-03-25 01:11:16.314840,995e5b99bec9b8f8f06bda84
alcaido.com,AVAILABILITY,domains.list,domains.list,2021-03-25 01:11:16.808631,995e5b99bec9b8f8f06bda84
alclean.pl,AVAILABILITY,domains.list,domains.list,2021-03-25 01:11:17.627393,995e5b99bec9b8f8f06bda84
aldaniti.net,AVAILABILITY,domains.list,domains.list,2021-03-25 01:11:18.121776,995e5b99bec9b8f8f06bda84
aldonakosmetyka.pl,AVAILABILITY,domains.list,domains.list,2021-03-25 01:11:18.617126,995e5b99bec9b8f8f06bda84
aldorasystem.pl,AVAILABILITY,domains.list,domains.list,2021-03-25 01:11:19.111731,995e5b99bec9b8f8f06bda84
aleciezko.icu,AVAILABILITY,domains.list,domains.list,2021-03-25 01:11:19.620277,995e5b99bec9b8f8f06bda84
aledostawa.org,AVAILABILITY,domains.list,domains.list,2021-03-25 01:11:20.121729,995e5b99bec9b8f8f06bda84
ale-dowcip.pl,AVAILABILITY,domains.list,domains.list,2021-03-25 01:11:20.616085,995e5b99bec9b8f8f06bda84
ale-fotogragia.bo.pl,AVAILABILITY,domains.list,domains.list,2021-03-25 01:11:21.424678,995e5b99bec9b8f8f06bda84
alegrolokalnie.icu,AVAILABILITY,domains.list,domains.list,2021-03-25 01:11:21.941516,995e5b99bec9b8f8f06bda84
alegrolokalnie.me,AVAILABILITY,domains.list,domains.list,2021-03-25 01:11:22.464972,995e5b99bec9b8f8f06bda84
alert-24-pl.pl,AVAILABILITY,domains.list,domains.list,2021-03-25 01:11:23.384880,995e5b99bec9b8f8f06bda84
alerter.pl,AVAILABILITY,domains.list,domains.list,2021-03-25 01:11:23.895435,995e5b99bec9b8f8f06bda84
alert-pl.you2.pl,AVAILABILITY,domains.list,domains.list,2021-03-25 01:11:25.062450,995e5b99bec9b8f8f06bda84
aleshop.pl,AVAILABILITY,domains.list,domains.list,2021-03-25 01:11:25.559648,995e5b99bec9b8f8f06bda84
alesmieszne.eu,AVAILABILITY,domains.list,domains.list,2021-03-25 01:11:28.116259,995e5b99bec9b8f8f06bda84
alexreds.blogspot.com,AVAILABILITY,domains.list,domains.list,2021-03-25 01:11:28.680479,995e5b99bec9b8f8f06bda84
alexsoff.com,AVAILABILITY,domains.list,domains.list,2021-03-25 01:11:29.178383,995e5b99bec9b8f8f06bda84
alfik-fik.com,AVAILABILITY,domains.list,domains.list,2021-03-25 01:11:29.686197,995e5b99bec9b8f8f06bda84
alfikurier.org,AVAILABILITY,domains.list,domains.list,2021-03-25 01:11:30.192999,995e5b99bec9b8f8f06bda84
aliceiuo.com,AVAILABILITY,domains.list,domains.list,2021-03-25 01:11:30.735539,995e5b99bec9b8f8f06bda84
alicjapaczka.org,AVAILABILITY,domains.list,domains.list,2021-03-25 01:11:31.230847,995e5b99bec9b8f8f06bda84
aliegro-iokalnle.ru,AVAILABILITY,domains.list,domains.list,2021-03-25 01:11:31.740270,995e5b99bec9b8f8f06bda84
aliegro-lokainle-048726.life,AVAILABILITY,domains.list,domains.list,2021-03-25 01:11:32.677425,995e5b99bec9b8f8f06bda84
aliegro-lokainle-159752.live,AVAILABILITY,domains.list,domains.list,2021-03-25 01:11:33.186729,995e5b99bec9b8f8f06bda84
aliegrolokalnie.me,AVAILABILITY,domains.list,domains.list,2021-03-25 01:11:33.698955,995e5b99bec9b8f8f06bda84
aliegrolokalnie.pl,AVAILABILITY,domains.list,domains.list,2021-03-25 01:11:34.212169,995e5b99bec9b8f8f06bda84
alieokazje.pl,AVAILABILITY,domains.list,domains.list,2021-03-25 01:11:35.135384,995e5b99bec9b8f8f06bda84
aliorbank.io,AVAILABILITY,domains.list,domains.list,2021-03-25 01:11:35.634166,995e5b99bec9b8f8f06bda84
aliorbankonline.ru,AVAILABILITY,domains.list,domains.list,2021-03-25 01:11:36.130633,995e5b99bec9b8f8f06bda84
aliorkurier.org,AVAILABILITY,domains.list,domains.list,2021-03-25 01:11:36.624667,995e5b99bec9b8f8f06bda84
alise.pl,AVAILABILITY,domains.list,domains.list,2021-03-25 01:11:37.136020,995e5b99bec9b8f8f06bda84
alissaathirah.blogspot.com,AVAILABILITY,domains.list,domains.list,2021-03-25 01:11:37.738478,995e5b99bec9b8f8f06bda84
alkadiakurier.com,AVAILABILITY,domains.list,domains.list,2021-03-25 01:11:38.237317,995e5b99bec9b8f8f06bda84
alkadiakurier.org,AVAILABILITY,domains.list,domains.list,2021-03-25 01:11:38.739697,995e5b99bec9b8f8f06bda84
alkoskurier.com,AVAILABILITY,domains.list,domains.list,2021-03-25 01:11:39.239143,995e5b99bec9b8f8f06bda84
allcollect.pl,AVAILABILITY,domains.list,domains.list,2021-03-25 01:11:39.751336,995e5b99bec9b8f8f06bda84
allego.icu,AVAILABILITY,domains.list,domains.list,2021-03-25 01:11:40.244907,995e5b99bec9b8f8f06bda84
allegor.xyz,AVAILABILITY,domains.list,domains.list,2021-03-25 01:11:40.740854,995e5b99bec9b8f8f06bda84
allegr0.net,AVAILABILITY,domains.list,domains.list,2021-03-25 01:11:41.237619,995e5b99bec9b8f8f06bda84
allegro6.pl,AVAILABILITY,domains.list,domains.list,2021-03-25 01:11:41.734327,995e5b99bec9b8f8f06bda84
allegro7.pl,AVAILABILITY,domains.list,domains.list,2021-03-25 01:11:42.230499,995e5b99bec9b8f8f06bda84
allegro.casa,AVAILABILITY,domains.list,domains.list,2021-03-25 01:11:42.747376,995e5b99bec9b8f8f06bda84
allegro.lokalnie.casa,AVAILABILITY,domains.list,domains.list,2021-03-25 01:11:43.278943,995e5b99bec9b8f8f06bda84
allegro.lokalnie.digital,AVAILABILITY,domains.list,domains.list,2021-03-25 01:11:44.643491,995e5b99bec9b8f8f06bda84
allegro.lokalnie.work,AVAILABILITY,domains.list,domains.list,2021-03-25 01:11:46.912849,995e5b99bec9b8f8f06bda84
allegro.net,AVAILABILITY,domains.list,domains.list,2021-03-25 01:11:47.413827,995e5b99bec9b8f8f06bda84
allegro.pl.sholtem.pl,AVAILABILITY,domains.list,domains.list,2021-03-25 01:11:50.627684,995e5b99bec9b8f8f06bda84
allegro.pl.showltem.pl,AVAILABILITY,domains.list,domains.list,2021-03-25 01:11:52.969820,995e5b99bec9b8f8f06bda84
allegro.pl.showlten.pl,AVAILABILITY,domains.list,domains.list,2021-03-25 01:11:56.067614,995e5b99bec9b8f8f06bda84
allegro.su,AVAILABILITY,domains.list,domains.list,2021-03-25 01:11:56.996543,995e5b99bec9b8f8f06bda84
allegroapk.net,AVAILABILITY,domains.list,domains.list,2021-03-25 01:11:57.920155,995e5b99bec9b8f8f06bda84
allegro-apk.net,AVAILABILITY,domains.list,domains.list,2021-03-25 01:11:58.209252,995e5b99bec9b8f8f06bda84
allegro-credit.info,AVAILABILITY,domains.list,domains.list,2021-03-25 01:11:58.925731,995e5b99bec9b8f8f06bda84
allegrolokalne.ru,AVAILABILITY,domains.list,domains.list,2021-03-25 01:11:59.425960,995e5b99bec9b8f8f06bda84
allegro-lokalnie-095716.xyz,AVAILABILITY,domains.list,domains.list,2021-03-25 01:11:59.936436,995e5b99bec9b8f8f06bda84
allegro-lokalnie-581927.xyz,AVAILABILITY,domains.list,domains.list,2021-03-25 01:12:00.444741,995e5b99bec9b8f8f06bda84
allegrolokalnie.art,AVAILABILITY,domains.list,domains.list,2021-03-25 01:12:00.963261,995e5b99bec9b8f8f06bda84
allegrolokalnie.bar,AVAILABILITY,domains.list,domains.list,2021-03-25 01:12:01.479990,995e5b99bec9b8f8f06bda84
allegrolokalnie.bid,AVAILABILITY,domains.list,domains.list,2021-03-25 01:12:01.996581,995e5b99bec9b8f8f06bda84
allegrolokalnie.biz,AVAILABILITY,domains.list,domains.list,2021-03-25 01:12:02.507848,995e5b99bec9b8f8f06bda84
allegrolokalnie.cam,AVAILABILITY,domains.list,domains.list,2021-03-25 01:12:03.028482,995e5b99bec9b8f8f06bda84
allegrolokalnie.casa,AVAILABILITY,domains.list,domains.list,2021-03-25 01:12:03.545230,995e5b99bec9b8f8f06bda84
allegro-lokalnie.casa,AVAILABILITY,domains.list,domains.list,2021-03-25 01:12:03.859521,995e5b99bec9b8f8f06bda84
allegrolokalnie.cc,AVAILABILITY,domains.list,domains.list,2021-03-25 01:12:04.576802,995e5b99bec9b8f8f06bda84
allegrolokalnie.cloud,AVAILABILITY,domains.list,domains.list,2021-03-25 01:12:05.094001,995e5b99bec9b8f8f06bda84
allegrolokalnie.club,AVAILABILITY,domains.list,domains.list,2021-03-25 01:12:05.614833,995e5b99bec9b8f8f06bda84
allegro-lokalnie.club,AVAILABILITY,domains.list,domains.list,2021-03-25 01:12:06.303818,995e5b99bec9b8f8f06bda84
allegrolokalnie.co,AVAILABILITY,domains.list,domains.list,2021-03-25 01:12:06.814603,995e5b99bec9b8f8f06bda84
allegrolokalnie.co.in,AVAILABILITY,domains.list,domains.list,2021-03-25 01:12:07.333772,995e5b99bec9b8f8f06bda84
allegrolokalnie.codes,AVAILABILITY,domains.list,domains.list,2021-03-25 01:12:07.853201,995e5b99bec9b8f8f06bda84
allegrolokalnie.com.ru,AVAILABILITY,domains.list,domains.list,2021-03-25 01:12:10.841003,995e5b99bec9b8f8f06bda84
allegro-lokalnie.cyou,AVAILABILITY,domains.list,domains.list,2021-03-25 01:12:11.702004,995e5b99bec9b8f8f06bda84
allegrolokalnie.cyou,AVAILABILITY,domains.list,domains.list,2021-03-25 01:12:12.220018,995e5b99bec9b8f8f06bda84
allegrolokalnie.deals,AVAILABILITY,domains.list,domains.list,2021-03-25 01:12:12.742914,995e5b99bec9b8f8f06bda84
allegrolokalnie.digital,AVAILABILITY,domains.list,domains.list,2021-03-25 01:12:13.256028,995e5b99bec9b8f8f06bda84
allegrolokalnie.euweb.cz,AVAILABILITY,domains.list,domains.list,2021-03-25 01:12:14.779463,995e5b99bec9b8f8f06bda84
allegrolokalnie.guru,AVAILABILITY,domains.list,domains.list,2021-03-25 01:12:15.305634,995e5b99bec9b8f8f06bda84
allegrolokalnie.info,AVAILABILITY,domains.list,domains.list,2021-03-25 01:12:15.823811,995e5b99bec9b8f8f06bda84
allegrolokalnie.life,AVAILABILITY,domains.list,domains.list,2021-03-25 01:12:16.335806,995e5b99bec9b8f8f06bda84
allegro-lokalnie.live,AVAILABILITY,domains.list,domains.list,2021-03-25 01:12:16.854596,995e5b99bec9b8f8f06bda84
allegrolokalnie.live,AVAILABILITY,domains.list,domains.list,2021-03-25 01:12:17.159886,995e5b99bec9b8f8f06bda84
allegrolokalnie.loan,AVAILABILITY,domains.list,domains.list,2021-03-25 01:12:17.887392,995e5b99bec9b8f8f06bda84
allegrolokalnie.me,AVAILABILITY,domains.list,domains.list,2021-03-25 01:12:18.411061,995e5b99bec9b8f8f06bda84
allegro-lokalnie.me,AVAILABILITY,domains.list,domains.list,2021-03-25 01:12:18.925995,995e5b99bec9b8f8f06bda84
allegrolokalnie.net,AVAILABILITY,domains.list,domains.list,2021-03-25 01:12:19.438996,995e5b99bec9b8f8f06bda84
allegrolokalnie.news,AVAILABILITY,domains.list,domains.list,2021-03-25 01:12:19.958842,995e5b99bec9b8f8f06bda84
allegrolokalnie.oferta.tech,AVAILABILITY,domains.list,domains.list,2021-03-25 01:12:25.774222,995e5b99bec9b8f8f06bda84
allegrolokalnie.online,AVAILABILITY,domains.list,domains.list,2021-03-25 01:12:26.271667,995e5b99bec9b8f8f06bda84
allegrolokalnie.pw,AVAILABILITY,domains.list,domains.list,2021-03-25 01:12:26.794922,995e5b99bec9b8f8f06bda84
allegrolokalnie.services,AVAILABILITY,domains.list,domains.list,2021-03-25 01:12:27.318712,995e5b99bec9b8f8f06bda84
allegro-lokalnie.shop,AVAILABILITY,domains.list,domains.list,2021-03-25 01:12:27.839568,995e5b99bec9b8f8f06bda84
allegrolokalnie.shop,AVAILABILITY,domains.list,domains.list,2021-03-25 01:12:28.162235,995e5b99bec9b8f8f06bda84
allegrolokalnie.surf,AVAILABILITY,domains.list,domains.list,2021-03-25 01:12:28.899378,995e5b99bec9b8f8f06bda84
allegro-lokalnie.surf,AVAILABILITY,domains.list,domains.list,2021-03-25 01:12:29.213639,995e5b99bec9b8f8f06bda84
allegrolokalnie.vip,AVAILABILITY,domains.list,domains.list,2021-03-25 01:12:30.405872,995e5b99bec9b8f8f06bda84
allegrolokalnie.work,AVAILABILITY,domains.list,domains.list,2021-03-25 01:12:30.925055,995e5b99bec9b8f8f06bda84
allegrolokalnie-pl.cc,AVAILABILITY,domains.list,domains.list,2021-03-25 01:12:31.423106,995e5b99bec9b8f8f06bda84
allegrolokalnie-pl.ru,AVAILABILITY,domains.list,domains.list,2021-03-25 01:12:31.918972,995e5b99bec9b8f8f06bda84
allegrolokalnii.digital,AVAILABILITY,domains.list,domains.list,2021-03-25 01:12:32.438565,995e5b99bec9b8f8f06bda84
allegroloklinie-oferta319840.xyz,AVAILABILITY,domains.list,domains.list,2021-03-25 01:12:32.950181,995e5b99bec9b8f8f06bda84
allegroloklinie-oferta748219.xyz,AVAILABILITY,domains.list,domains.list,2021-03-25 01:12:33.464048,995e5b99bec9b8f8f06bda84
allegro-m.pl,AVAILABILITY,domains.list,domains.list,2021-03-25 01:12:33.993096,995e5b99bec9b8f8f06bda84
allegro-ogloszenia.you2.pl,AVAILABILITY,domains.list,domains.list,2021-03-25 01:12:35.533262,995e5b99bec9b8f8f06bda84
allegro-okazje.dkonto.pl,AVAILABILITY,domains.list,domains.list,2021-03-25 01:12:36.455339,995e5b99bec9b8f8f06bda84
allegro-pl-7e2a33.ingress-daribow.easywp.com,AVAILABILITY,domains.list,domains.list,2021-03-25 01:12:37.075757,995e5b99bec9b8f8f06bda84
allegro-pl.lokalnie.digital,AVAILABILITY,domains.list,domains.list,2021-03-25 01:12:37.612690,995e5b99bec9b8f8f06bda84
allegro-pl.online,AVAILABILITY,domains.list,domains.list,2021-03-25 01:12:38.125021,995e5b99bec9b8f8f06bda84
allegro-raty.net,AVAILABILITY,domains.list,domains.list,2021-03-25 01:12:38.635774,995e5b99bec9b8f8f06bda84
allegrosklep.online,AVAILABILITY,domains.list,domains.list,2021-03-25 01:12:39.133298,995e5b99bec9b8f8f06bda84
allegrowork.site,AVAILABILITY,domains.list,domains.list,2021-03-25 01:12:39.629891,995e5b99bec9b8f8f06bda84
allekurier.miami,AVAILABILITY,domains.list,domains.list,2021-03-25 01:12:40.128210,995e5b99bec9b8f8f06bda84
alle-perfumy.pl,AVAILABILITY,domains.list,domains.list,2021-03-25 01:12:40.629439,995e5b99bec9b8f8f06bda84
allfiles.pl,AVAILABILITY,domains.list,domains.list,2021-03-25 01:12:41.142674,995e5b99bec9b8f8f06bda84
allianzmarket.com,AVAILABILITY,domains.list,domains.list,2021-03-25 01:12:41.656087,995e5b99bec9b8f8f06bda84
allibest.com,AVAILABILITY,domains.list,domains.list,2021-03-25 01:12:42.170225,995e5b99bec9b8f8f06bda84
alliegro.pl,AVAILABILITY,domains.list,domains.list,2021-03-25 01:12:42.682255,995e5b99bec9b8f8f06bda84
allmp3.hostil.pl,AVAILABILITY,domains.list,domains.list,2021-03-25 01:12:44.075752,995e5b99bec9b8f8f06bda84
allmusic.c0.pl,AVAILABILITY,domains.list,domains.list,2021-03-25 01:12:44.795219,995e5b99bec9b8f8f06bda84
allonline.pl,AVAILABILITY,domains.list,domains.list,2021-03-25 01:12:45.302031,995e5b99bec9b8f8f06bda84
allphones.pl,AVAILABILITY,domains.list,domains.list,2021-03-25 01:12:45.822953,995e5b99bec9b8f8f06bda84
allpl.club,AVAILABILITY,domains.list,domains.list,2021-03-25 01:12:46.320067,995e5b99bec9b8f8f06bda84
all-player.pl,AVAILABILITY,domains.list,domains.list,2021-03-25 01:12:46.818476,995e5b99bec9b8f8f06bda84
allplayer.pl,AVAILABILITY,domains.list,domains.list,2021-03-25 01:12:47.117807,995e5b99bec9b8f8f06bda84
allsale.pl,AVAILABILITY,domains.list,domains.list,2021-03-25 01:12:47.837382,995e5b99bec9b8f8f06bda84
allthatdesign.pl,AVAILABILITY,domains.list,domains.list,2021-03-25 01:12:48.350589,995e5b99bec9b8f8f06bda84
all-tube.pl,AVAILABILITY,domains.list,domains.list,2021-03-25 01:12:48.846934,995e5b99bec9b8f8f06bda84
almiranazelia.blogspot.com,AVAILABILITY,domains.list,domains.list,2021-03-25 01:12:49.640007,995e5b99bec9b8f8f06bda84
almuradtiles.zohosites.com,AVAILABILITY,domains.list,domains.list,2021-03-25 01:12:50.541860,995e5b99bec9b8f8f06bda84
alohafromdeer.com,AVAILABILITY,domains.list,domains.list,2021-03-25 01:12:51.042086,995e5b99bec9b8f8f06bda84
alohasoftware.net,AVAILABILITY,domains.list,domains.list,2021-03-25 01:12:51.539900,995e5b99bec9b8f8f06bda84
aloisia.money-for-you-2021.ru,AVAILABILITY,domains.list,domains.list,2021-03-25 01:12:52.227744,995e5b99bec9b8f8f06bda84
alonewiththemalones.blogspot.com,AVAILABILITY,domains.list,domains.list,2021-03-25 01:12:52.822325,995e5b99bec9b8f8f06bda84
alpimade.pl,AVAILABILITY,domains.list,domains.list,2021-03-25 01:12:53.336228,995e5b99bec9b8f8f06bda84
alpsmarkets.com,AVAILABILITY,domains.list,domains.list,2021-03-25 01:12:53.860604,995e5b99bec9b8f8f06bda84
alsbean.com,AVAILABILITY,domains.list,domains.list,2021-03-25 01:12:54.364617,995e5b99bec9b8f8f06bda84
amariceo.duckdns.org,AVAILABILITY,domains.list,domains.list,2021-03-25 01:12:59.628356,995e5b99bec9b8f8f06bda84
amazone-protectionrl8up8e6tcdfaiwzrvgp.com,AVAILABILITY,domains.list,domains.list,2021-03-25 01:13:00.155228,995e5b99bec9b8f8f06bda84
amex-financials.com,AVAILABILITY,domains.list,domains.list,2021-03-25 01:13:00.674331,995e5b99bec9b8f8f06bda84
amirahadilahhashim.blogspot.com,AVAILABILITY,domains.list,domains.list,2021-03-25 01:13:01.341808,995e5b99bec9b8f8f06bda84
amirahanisadlin.blogspot.com,AVAILABILITY,domains.list,domains.list,2021-03-25 01:13:01.965320,995e5b99bec9b8f8f06bda84
am-med.com,AVAILABILITY,domains.list,domains.list,2021-03-25 01:13:02.469505,995e5b99bec9b8f8f06bda84
amonitalia.it,AVAILABILITY,domains.list,domains.list,2021-03-25 01:13:02.981853,995e5b99bec9b8f8f06bda84
amperfeicao.blogspot.com,AVAILABILITY,domains.list,domains.list,2021-03-25 01:13:03.553566,995e5b99bec9b8f8f06bda84
ampglobalfx.com,AVAILABILITY,domains.list,domains.list,2021-03-25 01:13:04.069029,995e5b99bec9b8f8f06bda84
amu-edu-pl.ew.r.appspot.com,AVAILABILITY,domains.list,domains.list,2021-03-25 01:13:04.592053,995e5b99bec9b8f8f06bda84
amylewindesigns.blogspot.com,AVAILABILITY,domains.list,domains.list,2021-03-25 01:13:05.193984,995e5b99bec9b8f8f06bda84
amzhedgefund.com,AVAILABILITY,domains.list,domains.list,2021-03-25 01:13:05.715420,995e5b99bec9b8f8f06bda84
amzstudy.com,AVAILABILITY,domains.list,domains.list,2021-03-25 01:13:06.234536,995e5b99bec9b8f8f06bda84
anabim.com,AVAILABILITY,domains.list,domains.list,2021-03-25 01:13:06.752905,995e5b99bec9b8f8f06bda84
anate.money-for-you-2021.ru,AVAILABILITY,domains.list,domains.list,2021-03-25 01:13:07.691945,995e5b99bec9b8f8f06bda84
and-4ever.blogspot.com,AVAILABILITY,domains.list,domains.list,2021-03-25 01:13:08.278890,995e5b99bec9b8f8f06bda84
andekkurier.org,AVAILABILITY,domains.list,domains.list,2021-03-25 01:13:08.778864,995e5b99bec9b8f8f06bda84
android-cleaner.net,AVAILABILITY,domains.list,domains.list,2021-03-25 01:13:09.281178,995e5b99bec9b8f8f06bda84
androidgameshacks.com,AVAILABILITY,domains.list,domains.list,2021-03-25 01:13:09.784005,995e5b99bec9b8f8f06bda84
androidsecurityplus.com,AVAILABILITY,domains.list,domains.list,2021-03-25 01:13:10.287968,995e5b99bec9b8f8f06bda84
androidupdater.top,AVAILABILITY,domains.list,domains.list,2021-03-25 01:13:10.791861,995e5b99bec9b8f8f06bda84
andrzej-adryan.pl,AVAILABILITY,domains.list,domains.list,2021-03-25 01:13:11.607826,995e5b99bec9b8f8f06bda84
andrzejniemczyk.pl,AVAILABILITY,domains.list,domains.list,2021-03-25 01:13:12.111486,995e5b99bec9b8f8f06bda84
anetakonik.pl,AVAILABILITY,domains.list,domains.list,2021-03-25 01:13:12.612609,995e5b99bec9b8f8f06bda84
angelclassy.com,AVAILABILITY,domains.list,domains.list,2021-03-25 01:13:13.128715,995e5b99bec9b8f8f06bda84
angielskibelchatow.pl,AVAILABILITY,domains.list,domains.list,2021-03-25 01:13:13.647374,995e5b99bec9b8f8f06bda84
aniapaczka.org,AVAILABILITY,domains.list,domains.list,2021-03-25 01:13:14.146129,995e5b99bec9b8f8f06bda84
animi2.com,AVAILABILITY,domains.list,domains.list,2021-03-25 01:13:14.661489,995e5b99bec9b8f8f06bda84
anitkakurier.com,AVAILABILITY,domains.list,domains.list,2021-03-25 01:13:15.161465,995e5b99bec9b8f8f06bda84
aniventure.co.uk,AVAILABILITY,domains.list,domains.list,2021-03-25 01:13:15.670296,995e5b99bec9b8f8f06bda84
anizajohan.blogspot.com,AVAILABILITY,domains.list,domains.list,2021-03-25 01:13:16.247210,995e5b99bec9b8f8f06bda84
ankiety-konsumenckie.pl,AVAILABILITY,domains.list,domains.list,2021-03-25 01:13:16.766563,995e5b99bec9b8f8f06bda84
annapiaseczno.pl,AVAILABILITY,domains.list,domains.list,2021-03-25 01:13:17.278312,995e5b99bec9b8f8f06bda84
annitakurier.org,AVAILABILITY,domains.list,domains.list,2021-03-25 01:13:17.781711,995e5b99bec9b8f8f06bda84
antares.trade,AVAILABILITY,domains.list,domains.list,2021-03-25 01:13:18.285160,995e5b99bec9b8f8f06bda84
antivyruus.xyz,AVAILABILITY,domains.list,domains.list,2021-03-25 01:13:18.808402,995e5b99bec9b8f8f06bda84
antkurier.com,AVAILABILITY,domains.list,domains.list,2021-03-25 01:13:19.313106,995e5b99bec9b8f8f06bda84
antonresidential.com,AVAILABILITY,domains.list,domains.list,2021-03-25 01:13:19.816439,995e5b99bec9b8f8f06bda84
antyszczepionkowo.you2.pl,AVAILABILITY,domains.list,domains.list,2021-03-25 01:13:20.577866,995e5b99bec9b8f8f06bda84
anuluj-dlug.pl,AVAILABILITY,domains.list,domains.list,2021-03-25 01:13:21.090664,995e5b99bec9b8f8f06bda84
anuluj-mandat.pl,AVAILABILITY,domains.list,domains.list,2021-03-25 01:13:21.591223,995e5b99bec9b8f8f06bda84
anuluj-natreta.pl,AVAILABILITY,domains.list,domains.list,2021-03-25 01:13:22.109781,995e5b99bec9b8f8f06bda84
anuskurier.org,AVAILABILITY,domains.list,domains.list,2021-03-25 01:13:22.608644,995e5b99bec9b8f8f06bda84
anwan.pl,AVAILABILITY,domains.list,domains.list,2021-03-25 01:13:23.125594,995e5b99bec9b8f8f06bda84
anynewdomain.xyz,AVAILABILITY,domains.list,domains.list,2021-03-25 01:13:23.644863,995e5b99bec9b8f8f06bda84
anyonecanhelp.club,AVAILABILITY,domains.list,domains.list,2021-03-25 01:13:24.150620,995e5b99bec9b8f8f06bda84
anzugreifen1.live,AVAILABILITY,domains.list,domains.list,2021-03-25 01:13:24.650607,995e5b99bec9b8f8f06bda84
anzugreifen2.live,AVAILABILITY,domains.list,domains.list,2021-03-25 01:13:25.155129,995e5b99bec9b8f8f06bda84
anzugreifen3.live,AVAILABILITY,domains.list,domains.list,2021-03-25 01:13:25.655545,995e5b99bec9b8f8f06bda84
anzugreifen4.live,AVAILABILITY,domains.list,domains.list,2021-03-25 01:13:26.158205,995e5b99bec9b8f8f06bda84
anzugreifen5.live,AVAILABILITY,domains.list,domains.list,2021-03-25 01:13:26.663301,995e5b99bec9b8f8f06bda84
anzugreifen6.live,AVAILABILITY,domains.list,domains.list,2021-03-25 01:13:27.164898,995e5b99bec9b8f8f06bda84
anzugreifen7.live,AVAILABILITY,domains.list,domains.list,2021-03-25 01:13:27.664317,995e5b99bec9b8f8f06bda84
anzugreifen8.live,AVAILABILITY,domains.list,domains.list,2021-03-25 01:13:28.165032,995e5b99bec9b8f8f06bda84
anzugreifen9.live,AVAILABILITY,domains.list,domains.list,2021-03-25 01:13:28.666263,995e5b99bec9b8f8f06bda84
anzugreifen10.live,AVAILABILITY,domains.list,domains.list,2021-03-25 01:13:29.171965,995e5b99bec9b8f8f06bda84
anzugreifen11.live,AVAILABILITY,domains.list,domains.list,2021-03-25 01:13:29.676724,995e5b99bec9b8f8f06bda84
anzugreifen12.live,AVAILABILITY,domains.list,domains.list,2021-03-25 01:13:30.180770,995e5b99bec9b8f8f06bda84
anzugreifen13.live,AVAILABILITY,domains.list,domains.list,2021-03-25 01:13:30.686308,995e5b99bec9b8f8f06bda84
anzugreifen14.live,AVAILABILITY,domains.list,domains.list,2021-03-25 01:13:31.189233,995e5b99bec9b8f8f06bda84
anzugreifen15.live,AVAILABILITY,domains.list,domains.list,2021-03-25 01:13:31.689968,995e5b99bec9b8f8f06bda84
aoc.teleaudio.pl,AVAILABILITY,domains.list,domains.list,2021-03-25 01:13:33.697210,995e5b99bec9b8f8f06bda84
aowadczdfkcd4kl9dk.et.r.appspot.com,AVAILABILITY,domains.list,domains.list,2021-03-25 01:13:34.283735,995e5b99bec9b8f8f06bda84
aoxcapitals.com,AVAILABILITY,domains.list,domains.list,2021-03-25 01:13:34.805462,995e5b99bec9b8f8f06bda84
aoxtrade.com,AVAILABILITY,domains.list,domains.list,2021-03-25 01:13:35.320102,995e5b99bec9b8f8f06bda84
apartamentblawatek.pl,AVAILABILITY,domains.list,domains.list,2021-03-25 01:13:35.836759,995e5b99bec9b8f8f06bda84
apartamentydeluxe24.pl,AVAILABILITY,domains.list,domains.list,2021-03-25 01:13:36.352167,995e5b99bec9b8f8f06bda84
apartamentypoleska.pl,AVAILABILITY,domains.list,domains.list,2021-03-25 01:13:36.869429,995e5b99bec9b8f8f06bda84
apartamentyrent.pl,AVAILABILITY,domains.list,domains.list,2021-03-25 01:13:37.385067,995e5b99bec9b8f8f06bda84
apartamentytoday.pl,AVAILABILITY,domains.list,domains.list,2021-03-25 01:13:37.887299,995e5b99bec9b8f8f06bda84
aparttrojmiasto.com,AVAILABILITY,domains.list,domains.list,2021-03-25 01:13:38.402802,995e5b99bec9b8f8f06bda84
apekola.tcp4.me,AVAILABILITY,domains.list,domains.list,2021-03-25 01:13:39.757640,995e5b99bec9b8f8f06bda84
aperytime.it,AVAILABILITY,domains.list,domains.list,2021-03-25 01:13:40.273914,995e5b99bec9b8f8f06bda84
apexbillingservices.co,AVAILABILITY,domains.list,domains.list,2021-03-25 01:13:40.777983,995e5b99bec9b8f8f06bda84
apex-rents.com,AVAILABILITY,domains.list,domains.list,2021-03-25 01:13:41.446224,995e5b99bec9b8f8f06bda84
api.myeforsa.pl,AVAILABILITY,domains.list,domains.list,2021-03-25 01:13:42.140406,995e5b99bec9b8f8f06bda84
apihommie.blogspot.com,AVAILABILITY,domains.list,domains.list,2021-03-25 01:13:42.705613,995e5b99bec9b8f8f06bda84
apkallegrplay.net,AVAILABILITY,domains.list,domains.list,2021-03-25 01:13:43.208477,995e5b99bec9b8f8f06bda84
apkplayonline.com,AVAILABILITY,domains.list,domains.list,2021-03-25 01:13:43.712410,995e5b99bec9b8f8f06bda84
aplikacjainpost.com,AVAILABILITY,domains.list,domains.list,2021-03-25 01:13:44.237146,995e5b99bec9b8f8f06bda84
aplikacjalnpost.com,AVAILABILITY,domains.list,domains.list,2021-03-25 01:13:44.758407,995e5b99bec9b8f8f06bda84
aplikacja-lnpost.com,AVAILABILITY,domains.list,domains.list,2021-03-25 01:13:45.259580,995e5b99bec9b8f8f06bda84
aplikacje24.com,AVAILABILITY,domains.list,domains.list,2021-03-25 01:13:45.774844,995e5b99bec9b8f8f06bda84
aplikacjeplay24.com,AVAILABILITY,domains.list,domains.list,2021-03-25 01:13:46.276327,995e5b99bec9b8f8f06bda84
aplikacjeplay.com,AVAILABILITY,domains.list,domains.list,2021-03-25 01:13:46.777263,995e5b99bec9b8f8f06bda84
aplsolutionsonline.com,AVAILABILITY,domains.list,domains.list,2021-03-25 01:13:47.278416,995e5b99bec9b8f8f06bda84
app2.mackeeperaffiliates.com,AVAILABILITY,domains.list,domains.list,2021-03-25 01:13:47.835562,995e5b99bec9b8f8f06bda84
appcaptcha.com,AVAILABILITY,domains.list,domains.list,2021-03-25 01:13:48.825550,995e5b99bec9b8f8f06bda84
append.pl,AVAILABILITY,domains.list,domains.list,2021-03-25 01:13:49.327588,995e5b99bec9b8f8f06bda84
appfox.org,AVAILABILITY,domains.list,domains.list,2021-03-25 01:13:49.829168,995e5b99bec9b8f8f06bda84
appie.com-id-my.com,AVAILABILITY,domains.list,domains.list,2021-03-25 01:13:50.370715,995e5b99bec9b8f8f06bda84
appinp0st.com,AVAILABILITY,domains.list,domains.list,2021-03-25 01:13:50.872700,995e5b99bec9b8f8f06bda84
appiq.mobi,AVAILABILITY,domains.list,domains.list,2021-03-25 01:13:51.384798,995e5b99bec9b8f8f06bda84
appleid.com-local-id.com,AVAILABILITY,domains.list,domains.list,2021-03-25 01:13:52.001211,995e5b99bec9b8f8f06bda84
appleidworld.com,AVAILABILITY,domains.list,domains.list,2021-03-25 01:13:52.507170,995e5b99bec9b8f8f06bda84
app-messenger-lite.com,AVAILABILITY,domains.list,domains.list,2021-03-25 01:13:53.027586,995e5b99bec9b8f8f06bda84
apps.co.pl,AVAILABILITY,domains.list,domains.list,2021-03-25 01:13:54.454126,995e5b99bec9b8f8f06bda84
appsdorado.com,AVAILABILITY,domains.list,domains.list,2021-03-25 01:13:54.974273,995e5b99bec9b8f8f06bda84
appstorepost.com,AVAILABILITY,domains.list,domains.list,2021-03-25 01:13:55.476289,995e5b99bec9b8f8f06bda84
apptrader.com,AVAILABILITY,domains.list,domains.list,2021-03-25 01:13:55.980081,995e5b99bec9b8f8f06bda84
aptbox.top,AVAILABILITY,domains.list,domains.list,2021-03-25 01:13:56.482381,995e5b99bec9b8f8f06bda84
aptecznypunkt.pl,AVAILABILITY,domains.list,domains.list,2021-03-25 01:13:57.008500,995e5b99bec9b8f8f06bda84
apteka2000.pl,AVAILABILITY,domains.list,domains.list,2021-03-25 01:13:57.510862,995e5b99bec9b8f8f06bda84
aqsati.com,AVAILABILITY,domains.list,domains.list,2021-03-25 01:13:58.026791,995e5b99bec9b8f8f06bda84
aquafit24.pl,AVAILABILITY,domains.list,domains.list,2021-03-25 01:13:58.528288,995e5b99bec9b8f8f06bda84
aquafit.sklep.pl,AVAILABILITY,domains.list,domains.list,2021-03-25 01:13:59.032565,995e5b99bec9b8f8f06bda84
aquapower.com.pl,AVAILABILITY,domains.list,domains.list,2021-03-25 01:13:59.535194,995e5b99bec9b8f8f06bda84
aranzujemy.co.pl,AVAILABILITY,domains.list,domains.list,2021-03-25 01:14:00.774987,995e5b99bec9b8f8f06bda84
arbeiten.pl,AVAILABILITY,domains.list,domains.list,2021-03-25 01:14:01.299535,995e5b99bec9b8f8f06bda84
arbz.info,AVAILABILITY,domains.list,domains.list,2021-03-25 01:14:01.816644,995e5b99bec9b8f8f06bda84
architektkrakow.com.pl,AVAILABILITY,domains.list,domains.list,2021-03-25 01:14:02.340235,995e5b99bec9b8f8f06bda84
arcicalonetal.pro,AVAILABILITY,domains.list,domains.list,2021-03-25 01:14:02.841304,995e5b99bec9b8f8f06bda84
arcticgamers.com,AVAILABILITY,domains.list,domains.list,2021-03-25 01:14:03.361386,995e5b99bec9b8f8f06bda84
arek135.pl,AVAILABILITY,domains.list,domains.list,2021-03-25 01:14:04.190363,995e5b99bec9b8f8f06bda84
arek313.civ.pl,AVAILABILITY,domains.list,domains.list,2021-03-25 01:14:05.126715,995e5b99bec9b8f8f06bda84
arena.sklep.pl,AVAILABILITY,domains.list,domains.list,2021-03-25 01:14:05.643107,995e5b99bec9b8f8f06bda84
areyouabot.net,AVAILABILITY,domains.list,domains.list,2021-03-25 01:14:06.157279,995e5b99bec9b8f8f06bda84
areyouahuman.co,AVAILABILITY,domains.list,domains.list,2021-03-25 01:14:06.676476,995e5b99bec9b8f8f06bda84
argen0.weebly.com,AVAILABILITY,domains.list,domains.list,2021-03-25 01:14:07.248939,995e5b99bec9b8f8f06bda84
ariix.com,AVAILABILITY,domains.list,domains.list,2021-03-25 01:14:07.772737,995e5b99bec9b8f8f06bda84
arischka.blogspot.com,AVAILABILITY,domains.list,domains.list,2021-03-25 01:14:08.383469,995e5b99bec9b8f8f06bda84
arisyaumaira.blogspot.com,AVAILABILITY,domains.list,domains.list,2021-03-25 01:14:08.994521,995e5b99bec9b8f8f06bda84
ariyeka.blogspot.com,AVAILABILITY,domains.list,domains.list,2021-03-25 01:14:09.679356,995e5b99bec9b8f8f06bda84
arkonfinance.pl,AVAILABILITY,domains.list,domains.list,2021-03-25 01:14:10.183741,995e5b99bec9b8f8f06bda84
arlento.pl,AVAILABILITY,domains.list,domains.list,2021-03-25 01:14:10.707769,995e5b99bec9b8f8f06bda84
armia-pana.pl,AVAILABILITY,domains.list,domains.list,2021-03-25 01:14:11.215464,995e5b99bec9b8f8f06bda84
aromakawa.com,AVAILABILITY,domains.list,domains.list,2021-03-25 01:14:11.732299,995e5b99bec9b8f8f06bda84
arrow-finance.pl,AVAILABILITY,domains.list,domains.list,2021-03-25 01:14:12.239037,995e5b99bec9b8f8f06bda84
art-dent.com.pl,AVAILABILITY,domains.list,domains.list,2021-03-25 01:14:12.763029,995e5b99bec9b8f8f06bda84
artenalente.blogspot.com,AVAILABILITY,domains.list,domains.list,2021-03-25 01:14:13.400769,995e5b99bec9b8f8f06bda84
art-fashion.pl,AVAILABILITY,domains.list,domains.list,2021-03-25 01:14:13.920574,995e5b99bec9b8f8f06bda84
art-invest.com.pl,AVAILABILITY,domains.list,domains.list,2021-03-25 01:14:14.458021,995e5b99bec9b8f8f06bda84
artistidelpane.it,AVAILABILITY,domains.list,domains.list,2021-03-25 01:14:14.978073,995e5b99bec9b8f8f06bda84
art-man.com.pl,AVAILABILITY,domains.list,domains.list,2021-03-25 01:14:15.485084,995e5b99bec9b8f8f06bda84
artusor.myshopify.com,AVAILABILITY,domains.list,domains.list,2021-03-25 01:14:16.130289,995e5b99bec9b8f8f06bda84
artx.strefa.pl,AVAILABILITY,domains.list,domains.list,2021-03-25 01:14:17.224000,995e5b99bec9b8f8f06bda84
ascraftan.com,AVAILABILITY,domains.list,domains.list,2021-03-25 01:14:17.735274,995e5b99bec9b8f8f06bda84
asdream.pl,AVAILABILITY,domains.list,domains.list,2021-03-25 01:14:18.243373,995e5b99bec9b8f8f06bda84
aseanlegaltech.com,AVAILABILITY,domains.list,domains.list,2021-03-25 01:14:18.761357,995e5b99bec9b8f8f06bda84
asharbambang.blogspot.com,AVAILABILITY,domains.list,domains.list,2021-03-25 01:14:19.433228,995e5b99bec9b8f8f06bda84
ashtonmari.blogspot.com,AVAILABILITY,domains.list,domains.list,2021-03-25 01:14:20.075994,995e5b99bec9b8f8f06bda84
asimplyblog.blogspot.com,AVAILABILITY,domains.list,domains.list,2021-03-25 01:14:20.721485,995e5b99bec9b8f8f06bda84
askzkoflds.web.app,AVAILABILITY,domains.list,domains.list,2021-03-25 01:14:21.626242,995e5b99bec9b8f8f06bda84
aspenholding.co,AVAILABILITY,domains.list,domains.list,2021-03-25 01:14:22.139535,995e5b99bec9b8f8f06bda84
aspenholding.com,AVAILABILITY,domains.list,domains.list,2021-03-25 01:14:22.659034,995e5b99bec9b8f8f06bda84
asptonery.pl,AVAILABILITY,domains.list,domains.list,2021-03-25 01:14:23.181003,995e5b99bec9b8f8f06bda84
assat.pl,AVAILABILITY,domains.list,domains.list,2021-03-25 01:14:23.696089,995e5b99bec9b8f8f06bda84
astcreative.top,AVAILABILITY,domains.list,domains.list,2021-03-25 01:14:24.214855,995e5b99bec9b8f8f06bda84
astontrust.com,AVAILABILITY,domains.list,domains.list,2021-03-25 01:14:24.732371,995e5b99bec9b8f8f06bda84
astrocash.org,AVAILABILITY,domains.list,domains.list,2021-03-25 01:14:25.236360,995e5b99bec9b8f8f06bda84
atcofiles.com,AVAILABILITY,domains.list,domains.list,2021-03-25 01:14:25.756456,995e5b99bec9b8f8f06bda84
atelievayana.com,AVAILABILITY,domains.list,domains.list,2021-03-25 01:14:26.275928,995e5b99bec9b8f8f06bda84
atforum.pl,AVAILABILITY,domains.list,domains.list,2021-03-25 01:14:26.780538,995e5b99bec9b8f8f06bda84
atlanticgdynia.pl,AVAILABILITY,domains.list,domains.list,2021-03-25 01:14:27.285563,995e5b99bec9b8f8f06bda84
atnimanvilla.com,AVAILABILITY,domains.list,domains.list,2021-03-25 01:14:27.801724,995e5b99bec9b8f8f06bda84
atom-klan.pl,AVAILABILITY,domains.list,domains.list,2021-03-25 01:14:28.308073,995e5b99bec9b8f8f06bda84
atrium-konie.pl,AVAILABILITY,domains.list,domains.list,2021-03-25 01:14:28.812513,995e5b99bec9b8f8f06bda84
audio-book.net.pl,AVAILABILITY,domains.list,domains.list,2021-03-25 01:14:29.331088,995e5b99bec9b8f8f06bda84
audmax.pl,AVAILABILITY,domains.list,domains.list,2021-03-25 01:14:29.851249,995e5b99bec9b8f8f06bda84
auger.pl,AVAILABILITY,domains.list,domains.list,2021-03-25 01:14:30.381022,995e5b99bec9b8f8f06bda84
autodom-viofor.com.pl,AVAILABILITY,domains.list,domains.list,2021-03-25 01:14:30.903060,995e5b99bec9b8f8f06bda84
autoforum-businessday.pl,AVAILABILITY,domains.list,domains.list,2021-03-25 01:14:31.406929,995e5b99bec9b8f8f06bda84
autokemar.pl,AVAILABILITY,domains.list,domains.list,2021-03-25 01:14:31.913935,995e5b99bec9b8f8f06bda84
automatkredytowy.pl,AVAILABILITY,domains.list,domains.list,2021-03-25 01:14:32.436743,995e5b99bec9b8f8f06bda84
automatyczny-dozownikmydla-pl.com,AVAILABILITY,domains.list,domains.list,2021-03-25 01:14:32.944621,995e5b99bec9b8f8f06bda84
autoprzewodnik.com.pl,AVAILABILITY,domains.list,domains.list,2021-03-25 01:14:33.465587,995e5b99bec9b8f8f06bda84
autorentier.pl,AVAILABILITY,domains.list,domains.list,2021-03-25 01:14:33.985253,995e5b99bec9b8f8f06bda84
avaparse.ir,AVAILABILITY,domains.list,domains.list,2021-03-25 01:14:34.504919,995e5b99bec9b8f8f06bda84
avbtrk.com,AVAILABILITY,domains.list,domains.list,2021-03-25 01:14:35.027364,995e5b99bec9b8f8f06bda84
aveprize.com,AVAILABILITY,domains.list,domains.list,2021-03-25 01:14:35.539329,995e5b99bec9b8f8f06bda84
avita.net.pl,AVAILABILITY,domains.list,domains.list,2021-03-25 01:14:36.046340,995e5b99bec9b8f8f06bda84
avito.payment-transfer.ru,AVAILABILITY,domains.list,domains.list,2021-03-25 01:14:37.113820,995e5b99bec9b8f8f06bda84
avitodomains.ru,AVAILABILITY,domains.list,domains.list,2021-03-25 01:14:37.644434,995e5b99bec9b8f8f06bda84
avito-paysprocessing.ru,AVAILABILITY,domains.list,domains.list,2021-03-25 01:14:38.188888,995e5b99bec9b8f8f06bda84
avitopud.ru,AVAILABILITY,domains.list,domains.list,2021-03-25 01:14:38.710899,995e5b99bec9b8f8f06bda84
avitorul.ru,AVAILABILITY,domains.list,domains.list,2021-03-25 01:14:39.241943,995e5b99bec9b8f8f06bda84
avnets.org,AVAILABILITY,domains.list,domains.list,2021-03-25 01:14:39.770735,995e5b99bec9b8f8f06bda84
aw18ff53.aweb.page,AVAILABILITY,domains.list,domains.list,2021-03-25 01:14:40.448860,995e5b99bec9b8f8f06bda84
aw-andpol.com.pl,AVAILABILITY,domains.list,domains.list,2021-03-25 01:14:40.978038,995e5b99bec9b8f8f06bda84
awansowanie-tabeli.eu,AVAILABILITY,domains.list,domains.list,2021-03-25 01:14:42.757922,995e5b99bec9b8f8f06bda84
awansujmy-ludzie.eu,AVAILABILITY,domains.list,domains.list,2021-03-25 01:14:44.477166,995e5b99bec9b8f8f06bda84
awarialaptopa.pl,AVAILABILITY,domains.list,domains.list,2021-03-25 01:14:45.419023,995e5b99bec9b8f8f06bda84
awin.com,AVAILABILITY,domains.list,domains.list,2021-03-25 01:14:45.927462,995e5b99bec9b8f8f06bda84
aws50plus.pl,AVAILABILITY,domains.list,domains.list,2021-03-25 01:14:46.432827,995e5b99bec9b8f8f06bda84
axeramus-poeta.blogspot.com,AVAILABILITY,domains.list,domains.list,2021-03-25 01:14:47.254501,995e5b99bec9b8f8f06bda84
axes.co,AVAILABILITY,domains.list,domains.list,2021-03-25 01:14:47.774243,995e5b99bec9b8f8f06bda84
ayael.pl,AVAILABILITY,domains.list,domains.list,2021-03-25 01:14:48.279327,995e5b99bec9b8f8f06bda84
ayan.money-for-you-21.ru,AVAILABILITY,domains.list,domains.list,2021-03-25 01:14:49.347165,995e5b99bec9b8f8f06bda84
az27.pl,AVAILABILITY,domains.list,domains.list,2021-03-25 01:14:49.867322,995e5b99bec9b8f8f06bda84
azawebspace.com,AVAILABILITY,domains.list,domains.list,2021-03-25 01:14:50.385961,995e5b99bec9b8f8f06bda84
azidacolours.blogspot.com,AVAILABILITY,domains.list,domains.list,2021-03-25 01:14:50.972300,995e5b99bec9b8f8f06bda84
b7ax3cyzhq.com,AVAILABILITY,domains.list,domains.list,2021-03-25 01:14:51.481545,995e5b99bec9b8f8f06bda84
b17-sklep.pl,AVAILABILITY,domains.list,domains.list,2021-03-25 01:14:52.011381,995e5b99bec9b8f8f06bda84
b24-m8zer1.bitrix24.site,AVAILABILITY,domains.list,domains.list,2021-03-25 01:14:52.720906,995e5b99bec9b8f8f06bda84
babajaga-deko.pl,AVAILABILITY,domains.list,domains.list,2021-03-25 01:14:53.230002,995e5b99bec9b8f8f06bda84
babyelephant.com.pl,AVAILABILITY,domains.list,domains.list,2021-03-25 01:14:53.770792,995e5b99bec9b8f8f06bda84
bacuskurier.com,AVAILABILITY,domains.list,domains.list,2021-03-25 01:14:54.277664,995e5b99bec9b8f8f06bda84
badaxx.za.pl,AVAILABILITY,domains.list,domains.list,2021-03-25 01:14:54.906337,995e5b99bec9b8f8f06bda84
ba-dib.com,AVAILABILITY,domains.list,domains.list,2021-03-25 01:14:55.430997,995e5b99bec9b8f8f06bda84
badshop.pl,AVAILABILITY,domains.list,domains.list,2021-03-25 01:14:55.960935,995e5b99bec9b8f8f06bda84
badyna.pl,AVAILABILITY,domains.list,domains.list,2021-03-25 01:14:56.468024,995e5b99bec9b8f8f06bda84
badznaptak.pl,AVAILABILITY,domains.list,domains.list,2021-03-25 01:14:56.973158,995e5b99bec9b8f8f06bda84
bajkowedekoracje.pl,AVAILABILITY,domains.list,domains.list,2021-03-25 01:14:57.479540,995e5b99bec9b8f8f06bda84
bajkowestokrotki.cba.pl,AVAILABILITY,domains.list,domains.list,2021-03-25 01:14:58.109210,995e5b99bec9b8f8f06bda84
balaton-trzebinia.pl,AVAILABILITY,domains.list,domains.list,2021-03-25 01:14:58.630258,995e5b99bec9b8f8f06bda84
balkonyitarasy.com.pl,AVAILABILITY,domains.list,domains.list,2021-03-25 01:14:59.159662,995e5b99bec9b8f8f06bda84
ballion.net,AVAILABILITY,domains.list,domains.list,2021-03-25 01:14:59.687293,995e5b99bec9b8f8f06bda84
bamitrans.pl,AVAILABILITY,domains.list,domains.list,2021-03-25 01:15:00.206937,995e5b99bec9b8f8f06bda84
bankdata.temanggungkab.go.id,AVAILABILITY,domains.list,domains.list,2021-03-25 01:15:02.751870,995e5b99bec9b8f8f06bda84
bank-idea.xyz,AVAILABILITY,domains.list,domains.list,2021-03-25 01:15:03.272330,995e5b99bec9b8f8f06bda84
bankieren.info.pl,AVAILABILITY,domains.list,domains.list,2021-03-25 01:15:03.794098,995e5b99bec9b8f8f06bda84
bank-ing.web.app,AVAILABILITY,domains.list,domains.list,2021-03-25 01:15:05.161607,995e5b99bec9b8f8f06bda84
bankmillennium.fun,AVAILABILITY,domains.list,domains.list,2021-03-25 01:15:05.674134,995e5b99bec9b8f8f06bda84
bankmillennium.site,AVAILABILITY,domains.list,domains.list,2021-03-25 01:15:06.183966,995e5b99bec9b8f8f06bda84
bankmillennium.thetopmobiles.com,AVAILABILITY,domains.list,domains.list,2021-03-25 01:15:09.439364,995e5b99bec9b8f8f06bda84
bankpekooa.com,AVAILABILITY,domains.list,domains.list,2021-03-25 01:15:09.959495,995e5b99bec9b8f8f06bda84
bankpl.pw,AVAILABILITY,domains.list,domains.list,2021-03-25 01:15:10.493436,995e5b99bec9b8f8f06bda84
bank-project.surge.sh,AVAILABILITY,domains.list,domains.list,2021-03-25 01:15:11.349382,995e5b99bec9b8f8f06bda84
bankus.pl,AVAILABILITY,domains.list,domains.list,2021-03-25 01:15:11.872077,995e5b99bec9b8f8f06bda84
banvar.com,AVAILABILITY,domains.list,domains.list,2021-03-25 01:15:12.394583,995e5b99bec9b8f8f06bda84
baq24.pl,AVAILABILITY,domains.list,domains.list,2021-03-25 01:15:12.900696,995e5b99bec9b8f8f06bda84
barcaacademyistanbul.com,AVAILABILITY,domains.list,domains.list,2021-03-25 01:15:13.408250,995e5b99bec9b8f8f06bda84
barrylearnsaboutart.blogspot.com,AVAILABILITY,domains.list,domains.list,2021-03-25 01:15:14.012808,995e5b99bec9b8f8f06bda84
bartekzukiewicz.pl,AVAILABILITY,domains.list,domains.list,2021-03-25 01:15:14.521283,995e5b99bec9b8f8f06bda84
bartelik-brukarstwo.pl,AVAILABILITY,domains.list,domains.list,2021-03-25 01:15:15.033510,995e5b99bec9b8f8f06bda84
bartozziproject.com,AVAILABILITY,domains.list,domains.list,2021-03-25 01:15:15.543255,995e5b99bec9b8f8f06bda84
barwin4.com,AVAILABILITY,domains.list,domains.list,2021-03-25 01:15:16.112552,995e5b99bec9b8f8f06bda84
baseflix.pl,AVAILABILITY,domains.list,domains.list,2021-03-25 01:15:16.639425,995e5b99bec9b8f8f06bda84
basementremodelingchicagoil.com,AVAILABILITY,domains.list,domains.list,2021-03-25 01:15:17.160466,995e5b99bec9b8f8f06bda84
basen.biz,AVAILABILITY,domains.list,domains.list,2021-03-25 01:15:17.668248,995e5b99bec9b8f8f06bda84
basen.in,AVAILABILITY,domains.list,domains.list,2021-03-25 01:15:18.176622,995e5b99bec9b8f8f06bda84
baseny.club,AVAILABILITY,domains.list,domains.list,2021-03-25 01:15:18.686600,995e5b99bec9b8f8f06bda84
baseny.in,AVAILABILITY,domains.list,domains.list,2021-03-25 01:15:19.193140,995e5b99bec9b8f8f06bda84
baseny-sklep.com,AVAILABILITY,domains.list,domains.list,2021-03-25 01:15:19.700505,995e5b99bec9b8f8f06bda84
basiakurier.top,AVAILABILITY,domains.list,domains.list,2021-03-25 01:15:20.214196,995e5b99bec9b8f8f06bda84
basiekurier.org,AVAILABILITY,domains.list,domains.list,2021-03-25 01:15:20.730378,995e5b99bec9b8f8f06bda84
baskar8.com,AVAILABILITY,domains.list,domains.list,2021-03-25 01:15:21.251708,995e5b99bec9b8f8f06bda84
basnogorach.pl,AVAILABILITY,domains.list,domains.list,2021-03-25 01:15:21.797604,995e5b99bec9b8f8f06bda84
batmantakhebat.blogspot.com,AVAILABILITY,domains.list,domains.list,2021-03-25 01:15:23.001620,995e5b99bec9b8f8f06bda84
battergo.com,AVAILABILITY,domains.list,domains.list,2021-03-25 01:15:23.523972,995e5b99bec9b8f8f06bda84
bazafilm.pl,AVAILABILITY,domains.list,domains.list,2021-03-25 01:15:24.038506,995e5b99bec9b8f8f06bda84
bazalt-gracze.pl,AVAILABILITY,domains.list,domains.list,2021-03-25 01:15:24.562141,995e5b99bec9b8f8f06bda84
bazaosobposzukiwanych.you2.pl,AVAILABILITY,domains.list,domains.list,2021-03-25 01:15:26.134636,995e5b99bec9b8f8f06bda84
bazaosobzaginionych.you2.pl,AVAILABILITY,domains.list,domains.list,2021-03-25 01:15:27.217533,995e5b99bec9b8f8f06bda84
bazartani.pl,AVAILABILITY,domains.list,domains.list,2021-03-25 01:15:27.729892,995e5b99bec9b8f8f06bda84
bazasprawdzianow.pl,AVAILABILITY,domains.list,domains.list,2021-03-25 01:15:28.237268,995e5b99bec9b8f8f06bda84
bazkomp.pl,AVAILABILITY,domains.list,domains.list,2021-03-25 01:15:28.759658,995e5b99bec9b8f8f06bda84
bbcnews.pl,AVAILABILITY,domains.list,domains.list,2021-03-25 01:15:29.281287,995e5b99bec9b8f8f06bda84
bbu-edukacja.com.pl,AVAILABILITY,domains.list,domains.list,2021-03-25 01:15:29.807968,995e5b99bec9b8f8f06bda84
bdz.com.pl,AVAILABILITY,domains.list,domains.list,2021-03-25 01:15:30.642235,995e5b99bec9b8f8f06bda84
beasybd.com,AVAILABILITY,domains.list,domains.list,2021-03-25 01:15:31.154016,995e5b99bec9b8f8f06bda84
beatsfortheone.blogspot.com,AVAILABILITY,domains.list,domains.list,2021-03-25 01:15:31.867175,995e5b99bec9b8f8f06bda84
beauty-and-nailspolish.blogspot.com,AVAILABILITY,domains.list,domains.list,2021-03-25 01:15:32.508335,995e5b99bec9b8f8f06bda84
beauty-direct.pl,AVAILABILITY,domains.list,domains.list,2021-03-25 01:15:33.051237,995e5b99bec9b8f8f06bda84
becconet.com,AVAILABILITY,domains.list,domains.list,2021-03-25 01:15:33.564636,995e5b99bec9b8f8f06bda84
beciki.pl,AVAILABILITY,domains.list,domains.list,2021-03-25 01:15:34.072318,995e5b99bec9b8f8f06bda84
beetlebits.pl,AVAILABILITY,domains.list,domains.list,2021-03-25 01:15:34.592914,995e5b99bec9b8f8f06bda84
begin.digitabook.net,AVAILABILITY,domains.list,domains.list,2021-03-25 01:15:35.274558,995e5b99bec9b8f8f06bda84
behlenjoiner.com,AVAILABILITY,domains.list,domains.list,2021-03-25 01:15:35.784403,995e5b99bec9b8f8f06bda84
beinghypothermic.blogspot.com,AVAILABILITY,domains.list,domains.list,2021-03-25 01:15:36.426827,995e5b99bec9b8f8f06bda84
beka.pl,AVAILABILITY,domains.list,domains.list,2021-03-25 01:15:36.949480,995e5b99bec9b8f8f06bda84
bella-khusairi.blogspot.com,AVAILABILITY,domains.list,domains.list,2021-03-25 01:15:37.534591,995e5b99bec9b8f8f06bda84
bellsandroses.pl,AVAILABILITY,domains.list,domains.list,2021-03-25 01:15:38.046485,995e5b99bec9b8f8f06bda84
be-me.pl,AVAILABILITY,domains.list,domains.list,2021-03-25 01:15:38.579287,995e5b99bec9b8f8f06bda84
bemydate.mobi,AVAILABILITY,domains.list,domains.list,2021-03-25 01:15:39.107373,995e5b99bec9b8f8f06bda84
benlandscaping.co.uk,AVAILABILITY,domains.list,domains.list,2021-03-25 01:15:39.643033,995e5b99bec9b8f8f06bda84
bentyluses.com,AVAILABILITY,domains.list,domains.list,2021-03-25 01:15:40.155711,995e5b99bec9b8f8f06bda84
benzkartel.duckdns.org,AVAILABILITY,domains.list,domains.list,2021-03-25 01:15:41.381734,995e5b99bec9b8f8f06bda84
berlingerhaus.pl,AVAILABILITY,domains.list,domains.list,2021-03-25 01:15:41.913428,995e5b99bec9b8f8f06bda84
berryen.com,AVAILABILITY,domains.list,domains.list,2021-03-25 01:15:42.423816,995e5b99bec9b8f8f06bda84
berutiful.com,AVAILABILITY,domains.list,domains.list,2021-03-25 01:15:42.954626,995e5b99bec9b8f8f06bda84
best2018games.com,AVAILABILITY,domains.list,domains.list,2021-03-25 01:15:43.464455,995e5b99bec9b8f8f06bda84
bestadbid.com,AVAILABILITY,domains.list,domains.list,2021-03-25 01:15:43.973278,995e5b99bec9b8f8f06bda84
bestbook-library.com,AVAILABILITY,domains.list,domains.list,2021-03-25 01:15:44.907092,995e5b99bec9b8f8f06bda84
bestcena.pl,AVAILABILITY,domains.list,domains.list,2021-03-25 01:15:45.427970,995e5b99bec9b8f8f06bda84
bestcheats.cba.pl,AVAILABILITY,domains.list,domains.list,2021-03-25 01:15:46.053639,995e5b99bec9b8f8f06bda84
bestfollowers.org,AVAILABILITY,domains.list,domains.list,2021-03-25 01:15:46.577653,995e5b99bec9b8f8f06bda84
bestforbikers.com,AVAILABILITY,domains.list,domains.list,2021-03-25 01:15:47.107854,995e5b99bec9b8f8f06bda84
best-lordliness.com,AVAILABILITY,domains.list,domains.list,2021-03-25 01:15:47.628696,995e5b99bec9b8f8f06bda84
bestofelektro.pl,AVAILABILITY,domains.list,domains.list,2021-03-25 01:15:48.136366,995e5b99bec9b8f8f06bda84
best-ones.website,AVAILABILITY,domains.list,domains.list,2021-03-25 01:15:48.647433,995e5b99bec9b8f8f06bda84
bestphoneapps.mobi,AVAILABILITY,domains.list,domains.list,2021-03-25 01:15:49.169929,995e5b99bec9b8f8f06bda84
bestprizeday.life,AVAILABILITY,domains.list,domains.list,2021-03-25 01:15:49.692216,995e5b99bec9b8f8f06bda84
bestprize-places-here1.life,AVAILABILITY,domains.list,domains.list,2021-03-25 01:15:50.202205,995e5b99bec9b8f8f06bda84
best-prizes-4you1.life,AVAILABILITY,domains.list,domains.list,2021-03-25 01:15:50.733625,995e5b99bec9b8f8f06bda84
bestprizesday5.life,AVAILABILITY,domains.list,domains.list,2021-03-25 01:15:51.257214,995e5b99bec9b8f8f06bda84
best-prizes-here.live,AVAILABILITY,domains.list,domains.list,2021-03-25 01:15:51.779723,995e5b99bec9b8f8f06bda84
bestpromocenter.com,AVAILABILITY,domains.list,domains.list,2021-03-25 01:15:52.296517,995e5b99bec9b8f8f06bda84
bestsale2021.net,AVAILABILITY,domains.list,domains.list,2021-03-25 01:15:52.829078,995e5b99bec9b8f8f06bda84
best-sales.top,AVAILABILITY,domains.list,domains.list,2021-03-25 01:15:53.350022,995e5b99bec9b8f8f06bda84
bestshopping-voucher.com,AVAILABILITY,domains.list,domains.list,2021-03-25 01:15:53.872360,995e5b99bec9b8f8f06bda84
bestvod.pl,AVAILABILITY,domains.list,domains.list,2021-03-25 01:15:54.379838,995e5b99bec9b8f8f06bda84
bestwinexperience.com,AVAILABILITY,domains.list,domains.list,2021-03-25 01:15:54.903308,995e5b99bec9b8f8f06bda84
betbyt.com,AVAILABILITY,domains.list,domains.list,2021-03-25 01:15:55.427486,995e5b99bec9b8f8f06bda84
betheprime2.live,AVAILABILITY,domains.list,domains.list,2021-03-25 01:15:55.940687,995e5b99bec9b8f8f06bda84
be-wild.pl,AVAILABILITY,domains.list,domains.list,2021-03-25 01:15:56.449051,995e5b99bec9b8f8f06bda84
beyourbest.pl,AVAILABILITY,domains.list,domains.list,2021-03-25 01:15:56.960506,995e5b99bec9b8f8f06bda84
bezbig.pl,AVAILABILITY,domains.list,domains.list,2021-03-25 01:15:57.482965,995e5b99bec9b8f8f06bda84
bezpieczenstwo.wp-pl.eu,AVAILABILITY,domains.list,domains.list,2021-03-25 01:15:58.084610,995e5b99bec9b8f8f06bda84
bezpieczna-dostawa.biz,AVAILABILITY,domains.list,domains.list,2021-03-25 01:15:58.610829,995e5b99bec9b8f8f06bda84
bezpieczna-dostawa.org,AVAILABILITY,domains.list,domains.list,2021-03-25 01:15:59.145132,995e5b99bec9b8f8f06bda84
bezpieczna-okazja.pl,AVAILABILITY,domains.list,domains.list,2021-03-25 01:15:59.681431,995e5b99bec9b8f8f06bda84
bezpieczne-nieruchomosci.pl,AVAILABILITY,domains.list,domains.list,2021-03-25 01:16:00.192985,995e5b99bec9b8f8f06bda84
bezpieczne-zakupy.name,AVAILABILITY,domains.list,domains.list,2021-03-25 01:16:25.972288,995e5b99bec9b8f8f06bda84
bezpieczny-zakup.info,AVAILABILITY,domains.list,domains.list,2021-03-25 01:16:26.504529,995e5b99bec9b8f8f06bda84
bezpieczny-zakup.name,AVAILABILITY,domains.list,domains.list,2021-03-25 01:16:47.429341,995e5b99bec9b8f8f06bda84
bezpieczny-zakup.net,AVAILABILITY,domains.list,domains.list,2021-03-25 01:16:47.963701,995e5b99bec9b8f8f06bda84
bezprzekazu.pl,AVAILABILITY,domains.list,domains.list,2021-03-25 01:16:48.500257,995e5b99bec9b8f8f06bda84
bezpytan.pl,AVAILABILITY,domains.list,domains.list,2021-03-25 01:16:49.009863,995e5b99bec9b8f8f06bda84
bfglasses.com,AVAILABILITY,domains.list,domains.list,2021-03-25 01:16:49.523121,995e5b99bec9b8f8f06bda84
bgconsulting.pl,AVAILABILITY,domains.list,domains.list,2021-03-25 01:16:50.487517,995e5b99bec9b8f8f06bda84
bgkpol.com,AVAILABILITY,domains.list,domains.list,2021-03-25 01:16:51.023771,995e5b99bec9b8f8f06bda84
bhpipoz.pl,AVAILABILITY,domains.list,domains.list,2021-03-25 01:16:51.551536,995e5b99bec9b8f8f06bda84
biakon.com.pl,AVAILABILITY,domains.list,domains.list,2021-03-25 01:16:52.078413,995e5b99bec9b8f8f06bda84
bidenhascovid19.co,AVAILABILITY,domains.list,domains.list,2021-03-25 01:16:52.588277,995e5b99bec9b8f8f06bda84
bideronka.is-best.net,AVAILABILITY,domains.list,domains.list,2021-03-25 01:16:53.315057,995e5b99bec9b8f8f06bda84
biedronka2020x1room.pl,AVAILABILITY,domains.list,domains.list,2021-03-25 01:16:53.847207,995e5b99bec9b8f8f06bda84
biedronka-zamyka-sklepy.24.eu,AVAILABILITY,domains.list,domains.list,2021-03-25 01:16:55.722154,995e5b99bec9b8f8f06bda84
biedronkowe-karty.24.eu,AVAILABILITY,domains.list,domains.list,2021-03-25 01:16:57.562951,995e5b99bec9b8f8f06bda84
biegostojazwierzat.pl,AVAILABILITY,domains.list,domains.list,2021-03-25 01:16:58.075738,995e5b99bec9b8f8f06bda84
bielpak.pl,AVAILABILITY,domains.list,domains.list,2021-03-25 01:16:58.600223,995e5b99bec9b8f8f06bda84
bieznie-rowery.com,AVAILABILITY,domains.list,domains.list,2021-03-25 01:16:59.141796,995e5b99bec9b8f8f06bda84
bifrost.pl,AVAILABILITY,domains.list,domains.list,2021-03-25 01:16:59.652286,995e5b99bec9b8f8f06bda84
bigbangads.go2cloud.org,AVAILABILITY,domains.list,domains.list,2021-03-25 01:17:00.214083,995e5b99bec9b8f8f06bda84
bigdater.me,AVAILABILITY,domains.list,domains.list,2021-03-25 01:17:00.724846,995e5b99bec9b8f8f06bda84
bignamestanfree.wixsite.com,AVAILABILITY,domains.list,domains.list,2021-03-25 01:17:01.277101,995e5b99bec9b8f8f06bda84
bigprize-place.info,AVAILABILITY,domains.list,domains.list,2021-03-25 01:17:01.801625,995e5b99bec9b8f8f06bda84
bigsklep.com,AVAILABILITY,domains.list,domains.list,2021-03-25 01:17:02.319324,995e5b99bec9b8f8f06bda84
binomo.com,AVAILABILITY,domains.list,domains.list,2021-03-25 01:17:03.269200,995e5b99bec9b8f8f06bda84
binvesting.com,AVAILABILITY,domains.list,domains.list,2021-03-25 01:17:03.796688,995e5b99bec9b8f8f06bda84
bioperfect.pl,AVAILABILITY,domains.list,domains.list,2021-03-25 01:17:04.307317,995e5b99bec9b8f8f06bda84
birdwatcher.pl,AVAILABILITY,domains.list,domains.list,2021-03-25 01:17:04.840132,995e5b99bec9b8f8f06bda84
bistro-apetyczna.pl,AVAILABILITY,domains.list,domains.list,2021-03-25 01:17:05.350124,995e5b99bec9b8f8f06bda84
bitbayinvest.net,AVAILABILITY,domains.list,domains.list,2021-03-25 01:17:05.874320,995e5b99bec9b8f8f06bda84
bitbay-net.com,AVAILABILITY,domains.list,domains.list,2021-03-25 01:17:06.385270,995e5b99bec9b8f8f06bda84
bit-capitals.com,AVAILABILITY,domains.list,domains.list,2021-03-25 01:17:06.913345,995e5b99bec9b8f8f06bda84
bitcoincodesverigerecension.com,AVAILABILITY,domains.list,domains.list,2021-03-25 01:17:07.425370,995e5b99bec9b8f8f06bda84
bitcoinera.app,AVAILABILITY,domains.list,domains.list,2021-03-25 01:17:07.950116,995e5b99bec9b8f8f06bda84
bitcoinerapro.com,AVAILABILITY,domains.list,domains.list,2021-03-25 01:17:08.463348,995e5b99bec9b8f8f06bda84
bitcoinera-system.co,AVAILABILITY,domains.list,domains.list,2021-03-25 01:17:08.990211,995e5b99bec9b8f8f06bda84
bitcoingemini.club,AVAILABILITY,domains.list,domains.list,2021-03-25 01:17:09.502266,995e5b99bec9b8f8f06bda84
bitcoinig.com,AVAILABILITY,domains.list,domains.list,2021-03-25 01:17:10.027399,995e5b99bec9b8f8f06bda84
bitcoinlifestyle.io,AVAILABILITY,domains.list,domains.list,2021-03-25 01:17:10.552881,995e5b99bec9b8f8f06bda84
bitcoin-loophole.io,AVAILABILITY,domains.list,domains.list,2021-03-25 01:17:11.187957,995e5b99bec9b8f8f06bda84
bitcoinmillionairepro.com,AVAILABILITY,domains.list,domains.list,2021-03-25 01:17:11.714279,995e5b99bec9b8f8f06bda84
bitcoinprime.net,AVAILABILITY,domains.list,domains.list,2021-03-25 01:17:12.239638,995e5b99bec9b8f8f06bda84
bitcoinrevolution.org,AVAILABILITY,domains.list,domains.list,2021-03-25 01:17:12.763703,995e5b99bec9b8f8f06bda84
bitcoinrevolutiontheprojectreview.com,AVAILABILITY,domains.list,domains.list,2021-03-25 01:17:13.275334,995e5b99bec9b8f8f06bda84
bitcoins-profit.com,AVAILABILITY,domains.list,domains.list,2021-03-25 01:17:13.786469,995e5b99bec9b8f8f06bda84
bitcoin-storm.com,AVAILABILITY,domains.list,domains.list,2021-03-25 01:17:14.311544,995e5b99bec9b8f8f06bda84
bitcoinsunrise.com,AVAILABILITY,domains.list,domains.list,2021-03-25 01:17:14.836740,995e5b99bec9b8f8f06bda84
bitcointime.biz,AVAILABILITY,domains.list,domains.list,2021-03-25 01:17:15.348113,995e5b99bec9b8f8f06bda84
bitcointime.xyz,AVAILABILITY,domains.list,domains.list,2021-03-25 01:17:15.860633,995e5b99bec9b8f8f06bda84
bitcointodaynews.me,AVAILABILITY,domains.list,domains.list,2021-03-25 01:17:16.386332,995e5b99bec9b8f8f06bda84
bitcoin-trader-app.com,AVAILABILITY,domains.list,domains.list,2021-03-25 01:17:16.911661,995e5b99bec9b8f8f06bda84
bitcointrustoptions.com,AVAILABILITY,domains.list,domains.list,2021-03-25 01:17:17.428652,995e5b99bec9b8f8f06bda84
bitcoinup.io,AVAILABILITY,domains.list,domains.list,2021-03-25 01:17:17.954248,995e5b99bec9b8f8f06bda84
bitcoinup.trade,AVAILABILITY,domains.list,domains.list,2021-03-25 01:17:18.487806,995e5b99bec9b8f8f06bda84
bitgamez.com,AVAILABILITY,domains.list,domains.list,2021-03-25 01:17:18.999710,995e5b99bec9b8f8f06bda84
bitgenises.com,AVAILABILITY,domains.list,domains.list,2021-03-25 01:17:19.620598,995e5b99bec9b8f8f06bda84
bitoptionfx.com,AVAILABILITY,domains.list,domains.list,2021-03-25 01:17:20.145791,995e5b99bec9b8f8f06bda84
bitsends.space,AVAILABILITY,domains.list,domains.list,2021-03-25 01:17:20.676914,995e5b99bec9b8f8f06bda84
bittersweetparis.com,AVAILABILITY,domains.list,domains.list,2021-03-25 01:17:21.192882,995e5b99bec9b8f8f06bda84
biuro-detektywi.eu,AVAILABILITY,domains.list,domains.list,2021-03-25 01:17:38.235232,995e5b99bec9b8f8f06bda84
biurogt.info,AVAILABILITY,domains.list,domains.list,2021-03-25 01:17:38.767691,995e5b99bec9b8f8f06bda84
biurorachunkowevademecum.pl,AVAILABILITY,domains.list,domains.list,2021-03-25 01:17:39.757980,995e5b99bec9b8f8f06bda84
biznesinpro.pl,AVAILABILITY,domains.list,domains.list,2021-03-25 01:17:41.247803,995e5b99bec9b8f8f06bda84
biznesoweinfo.media.pl,AVAILABILITY,domains.list,domains.list,2021-03-25 01:17:41.777214,995e5b99bec9b8f8f06bda84
biznesoweinfo.miasta.pl,AVAILABILITY,domains.list,domains.list,2021-03-25 01:17:42.304281,995e5b99bec9b8f8f06bda84
bl.flirthits.com,AVAILABILITY,domains.list,domains.list,2021-03-25 01:17:42.985624,995e5b99bec9b8f8f06bda84
blablacar.media,AVAILABILITY,domains.list,domains.list,2021-03-25 01:17:43.853139,995e5b99bec9b8f8f06bda84
blablacar-pay.cc,AVAILABILITY,domains.list,domains.list,2021-03-25 01:17:44.511759,995e5b99bec9b8f8f06bda84
blablocar-pl.site,AVAILABILITY,domains.list,domains.list,2021-03-25 01:17:45.051544,995e5b99bec9b8f8f06bda84
black-jack-chewingkon.blogspot.com,AVAILABILITY,domains.list,domains.list,2021-03-25 01:17:45.683568,995e5b99bec9b8f8f06bda84
blackstone500.com,AVAILABILITY,domains.list,domains.list,2021-03-25 01:17:46.201576,995e5b99bec9b8f8f06bda84
blankiet-wspieraj.eu,AVAILABILITY,domains.list,domains.list,2021-03-25 01:17:47.313415,995e5b99bec9b8f8f06bda84
blissinstalls.com,AVAILABILITY,domains.list,domains.list,2021-03-25 01:17:47.849507,995e5b99bec9b8f8f06bda84
blockchainjoblist.com,AVAILABILITY,domains.list,domains.list,2021-03-25 01:17:48.366426,995e5b99bec9b8f8f06bda84
blog.jacekpaciorek.pl,AVAILABILITY,domains.list,domains.list,2021-03-25 01:17:49.266158,995e5b99bec9b8f8f06bda84
blog.lalalalala.club,AVAILABILITY,domains.list,domains.list,2021-03-25 01:17:49.997744,995e5b99bec9b8f8f06bda84
blogchanie.com,AVAILABILITY,domains.list,domains.list,2021-03-25 01:17:50.510509,995e5b99bec9b8f8f06bda84
blog-in.biz,AVAILABILITY,domains.list,domains.list,2021-03-25 01:17:51.044574,995e5b99bec9b8f8f06bda84
blogonews.com,AVAILABILITY,domains.list,domains.list,2021-03-25 01:17:51.560233,995e5b99bec9b8f8f06bda84
blok-gp.com.pl,AVAILABILITY,domains.list,domains.list,2021-03-25 01:17:52.083005,995e5b99bec9b8f8f06bda84
blubox.pl,AVAILABILITY,domains.list,domains.list,2021-03-25 01:17:52.597125,995e5b99bec9b8f8f06bda84
blureflly.com,AVAILABILITY,domains.list,domains.list,2021-03-25 01:17:53.126974,995e5b99bec9b8f8f06bda84
bmillenhome.com,AVAILABILITY,domains.list,domains.list,2021-03-25 01:17:53.642123,995e5b99bec9b8f8f06bda84
bn-allorbank.com,AVAILABILITY,domains.list,domains.list,2021-03-25 01:17:54.176454,995e5b99bec9b8f8f06bda84
bnewsb.com,AVAILABILITY,domains.list,domains.list,2021-03-25 01:17:54.708829,995e5b99bec9b8f8f06bda84
bnmjjwinf292.com,AVAILABILITY,domains.list,domains.list,2021-03-25 01:17:55.246417,995e5b99bec9b8f8f06bda84
bnpparibas-poland.co,AVAILABILITY,domains.list,domains.list,2021-03-25 01:17:56.205095,995e5b99bec9b8f8f06bda84
bodranowelnaver.tk,AVAILABILITY,domains.list,domains.list,2021-03-25 01:17:58.148408,995e5b99bec9b8f8f06bda84
bodykarma.pl,AVAILABILITY,domains.list,domains.list,2021-03-25 01:17:58.660169,995e5b99bec9b8f8f06bda84
bodysecretrevelation.com,AVAILABILITY,domains.list,domains.list,2021-03-25 01:17:59.189134,995e5b99bec9b8f8f06bda84
bohemian-rhapsody-2018-online-napisy-pl-cda.over-blog.com,AVAILABILITY,domains.list,domains.list,2021-03-25 01:18:01.298530,995e5b99bec9b8f8f06bda84
boherlex.com.pl,AVAILABILITY,domains.list,domains.list,2021-03-25 01:18:01.813452,995e5b99bec9b8f8f06bda84
bok-poczta.pl,AVAILABILITY,domains.list,domains.list,2021-03-25 01:18:02.338985,995e5b99bec9b8f8f06bda84
bolek69.pl,AVAILABILITY,domains.list,domains.list,2021-03-25 01:18:02.858360,995e5b99bec9b8f8f06bda84
bonares.pl,AVAILABILITY,domains.list,domains.list,2021-03-25 01:18:03.373896,995e5b99bec9b8f8f06bda84
bonnetsrl.live,AVAILABILITY,domains.list,domains.list,2021-03-25 01:18:03.908309,995e5b99bec9b8f8f06bda84
bonswiateczny.24.eu,AVAILABILITY,domains.list,domains.list,2021-03-25 01:18:05.674925,995e5b99bec9b8f8f06bda84
bonus.gamblingz.net,AVAILABILITY,domains.list,domains.list,2021-03-25 01:18:06.457594,995e5b99bec9b8f8f06bda84
bon-wow.co.pl,AVAILABILITY,domains.list,domains.list,2021-03-25 01:18:07.564545,995e5b99bec9b8f8f06bda84
bonydosklepu.pl,AVAILABILITY,domains.list,domains.list,2021-03-25 01:18:08.093553,995e5b99bec9b8f8f06bda84
bonynaszkolenie.eu,AVAILABILITY,domains.list,domains.list,2021-03-25 01:18:09.172427,995e5b99bec9b8f8f06bda84
bony-sportowe.com.pl,AVAILABILITY,domains.list,domains.list,2021-03-25 01:18:09.689089,995e5b99bec9b8f8f06bda84
boobi.biz,AVAILABILITY,domains.list,domains.list,2021-03-25 01:18:10.200879,995e5b99bec9b8f8f06bda84
bookbugg.com,AVAILABILITY,domains.list,domains.list,2021-03-25 01:18:10.730574,995e5b99bec9b8f8f06bda84
bookeria.pl,AVAILABILITY,domains.list,domains.list,2021-03-25 01:18:11.245041,995e5b99bec9b8f8f06bda84
bookofoffers.com,AVAILABILITY,domains.list,domains.list,2021-03-25 01:18:11.758031,995e5b99bec9b8f8f06bda84
bookowa.pl,AVAILABILITY,domains.list,domains.list,2021-03-25 01:18:12.286973,995e5b99bec9b8f8f06bda84
bookplanet.pl,AVAILABILITY,domains.list,domains.list,2021-03-25 01:18:12.825742,995e5b99bec9b8f8f06bda84
boonbon.club,AVAILABILITY,domains.list,domains.list,2021-03-25 01:18:13.357544,995e5b99bec9b8f8f06bda84
bootspolska.pl,AVAILABILITY,domains.list,domains.list,2021-03-25 01:18:13.885832,995e5b99bec9b8f8f06bda84
bootstraplugin.com,AVAILABILITY,domains.list,domains.list,2021-03-25 01:18:14.415364,995e5b99bec9b8f8f06bda84
borowkalubuskie.pl,AVAILABILITY,domains.list,domains.list,2021-03-25 01:18:14.942618,995e5b99bec9b8f8f06bda84
boryskowalski.pl,AVAILABILITY,domains.list,domains.list,2021-03-25 01:18:15.481553,995e5b99bec9b8f8f06bda84
bosbank-24.com,AVAILABILITY,domains.list,domains.list,2021-03-25 01:18:16.007972,995e5b99bec9b8f8f06bda84
bos-bank.com,AVAILABILITY,domains.list,domains.list,2021-03-25 01:18:16.537330,995e5b99bec9b8f8f06bda84
bossbank24.com,AVAILABILITY,domains.list,domains.list,2021-03-25 01:18:17.509666,995e5b99bec9b8f8f06bda84
boteco.pl,AVAILABILITY,domains.list,domains.list,2021-03-25 01:18:18.347595,995e5b99bec9b8f8f06bda84
botifiles.com,AVAILABILITY,domains.list,domains.list,2021-03-25 01:18:18.880529,995e5b99bec9b8f8f06bda84
boutiqwie.com,AVAILABILITY,domains.list,domains.list,2021-03-25 01:18:19.417216,995e5b99bec9b8f8f06bda84
bozenan.swk.vectranet.pl,AVAILABILITY,domains.list,domains.list,2021-03-25 01:18:20.720665,995e5b99bec9b8f8f06bda84
bpgzawady.pl,AVAILABILITY,domains.list,domains.list,2021-03-25 01:18:21.253267,995e5b99bec9b8f8f06bda84
bpservice.pl,AVAILABILITY,domains.list,domains.list,2021-03-25 01:18:21.781164,995e5b99bec9b8f8f06bda84
bqtsystemapp.com,AVAILABILITY,domains.list,domains.list,2021-03-25 01:18:22.318605,995e5b99bec9b8f8f06bda84
braintest4you.com,AVAILABILITY,domains.list,domains.list,2021-03-25 01:18:22.858805,995e5b99bec9b8f8f06bda84
bramka-sms-za-darmo.pl,AVAILABILITY,domains.list,domains.list,2021-03-25 01:18:23.391767,995e5b99bec9b8f8f06bda84
bramyioslony.pl,AVAILABILITY,domains.list,domains.list,2021-03-25 01:18:23.912594,995e5b99bec9b8f8f06bda84
brevo55.com,AVAILABILITY,domains.list,domains.list,2021-03-25 01:18:24.879598,995e5b99bec9b8f8f06bda84
bri-cat.com.pl,AVAILABILITY,domains.list,domains.list,2021-03-25 01:18:25.413218,995e5b99bec9b8f8f06bda84
brightec.pl,AVAILABILITY,domains.list,domains.list,2021-03-25 01:18:25.952951,995e5b99bec9b8f8f06bda84
brightfinance.co,AVAILABILITY,domains.list,domains.list,2021-03-25 01:18:26.470179,995e5b99bec9b8f8f06bda84
brightliumesty.blogspot.com,AVAILABILITY,domains.list,domains.list,2021-03-25 01:18:27.221271,995e5b99bec9b8f8f06bda84
brikee.com,AVAILABILITY,domains.list,domains.list,2021-03-25 01:18:27.748321,995e5b99bec9b8f8f06bda84
britneyspears.website.pl,AVAILABILITY,domains.list,domains.list,2021-03-25 01:18:28.515324,995e5b99bec9b8f8f06bda84
broadpeakdefense.com,AVAILABILITY,domains.list,domains.list,2021-03-25 01:18:29.050638,995e5b99bec9b8f8f06bda84
broadwayladies.pl,AVAILABILITY,domains.list,domains.list,2021-03-25 01:18:29.587413,995e5b99bec9b8f8f06bda84
brohoof.pl,AVAILABILITY,domains.list,domains.list,2021-03-25 01:18:30.132423,995e5b99bec9b8f8f06bda84
brooklynlilly.com,AVAILABILITY,domains.list,domains.list,2021-03-25 01:18:30.648030,995e5b99bec9b8f8f06bda84
brooks-polska.com,AVAILABILITY,domains.list,domains.list,2021-03-25 01:18:31.188672,995e5b99bec9b8f8f06bda84
brookspromocja.com,AVAILABILITY,domains.list,domains.list,2021-03-25 01:18:31.724591,995e5b99bec9b8f8f06bda84
browsefeatureaasn31254.buzz,AVAILABILITY,domains.list,domains.list,2021-03-25 01:18:32.254358,995e5b99bec9b8f8f06bda84
brudna-prawda.plebiscyt-lokalny.eu,AVAILABILITY,domains.list,domains.list,2021-03-25 01:18:34.291867,995e5b99bec9b8f8f06bda84
brudne-tajemnice.eu,AVAILABILITY,domains.list,domains.list,2021-03-25 01:18:35.974176,995e5b99bec9b8f8f06bda84
brudne-tajemnice.pl,AVAILABILITY,domains.list,domains.list,2021-03-25 01:18:36.515225,995e5b99bec9b8f8f06bda84
brumflix.com,AVAILABILITY,domains.list,domains.list,2021-03-25 01:18:37.034449,995e5b99bec9b8f8f06bda84
b-s500.com,AVAILABILITY,domains.list,domains.list,2021-03-25 01:18:38.944700,995e5b99bec9b8f8f06bda84
bshellz.pl,AVAILABILITY,domains.list,domains.list,2021-03-25 01:18:39.472686,995e5b99bec9b8f8f06bda84
bshop.pro,AVAILABILITY,domains.list,domains.list,2021-03-25 01:18:40.005413,995e5b99bec9b8f8f06bda84
bsketball.space,AVAILABILITY,domains.list,domains.list,2021-03-25 01:18:40.524706,995e5b99bec9b8f8f06bda84
bslcorporationltd.co,AVAILABILITY,domains.list,domains.list,2021-03-25 01:18:41.054417,995e5b99bec9b8f8f06bda84
bsonus.xyz,AVAILABILITY,domains.list,domains.list,2021-03-25 01:18:41.586198,995e5b99bec9b8f8f06bda84
btc-billionaire.com,AVAILABILITY,domains.list,domains.list,2021-03-25 01:18:42.114611,995e5b99bec9b8f8f06bda84
btcbillionaire-app.com,AVAILABILITY,domains.list,domains.list,2021-03-25 01:18:42.649641,995e5b99bec9b8f8f06bda84
btcduke.com,AVAILABILITY,domains.list,domains.list,2021-03-25 01:18:43.178186,995e5b99bec9b8f8f06bda84
btc-era.com,AVAILABILITY,domains.list,domains.list,2021-03-25 01:18:43.708378,995e5b99bec9b8f8f06bda84
btc-evo.com,AVAILABILITY,domains.list,domains.list,2021-03-25 01:18:44.226132,995e5b99bec9b8f8f06bda84
btcprofit.trcwasdf.club,AVAILABILITY,domains.list,domains.list,2021-03-25 01:18:45.596685,995e5b99bec9b8f8f06bda84
btcprofitnow.club,AVAILABILITY,domains.list,domains.list,2021-03-25 01:18:46.127865,995e5b99bec9b8f8f06bda84
btith.com,AVAILABILITY,domains.list,domains.list,2021-03-25 01:18:46.667719,995e5b99bec9b8f8f06bda84
